Timestamp,sitio,horizonte,prof_s,prof_i,color_h,color_v,color_ch,HCl_reaccion,moteados_pres,moteados_abund,moteados_tam,moteados_cont,concentr_pres,concentr_tipo,concentr_cont,concentr_abund,moteados_tam,raices,,estructura,humedad,num_lab,observaciones_h,ch_mo,p_sufijos,num_lab_r
11/04/2014 09:21,udic1-52,A1,0,21,10YR,2,2,no,no,,,,no,,,,,1,,granular,fresco,64742,,,,
11/04/2014 09:30,udic1-52,A2,21,31,10YR,2,1,no,no,,,,no,,,,,1,,granular,fresco,64742,,,,
11/04/2014 09:32,udic1-52,BAt,31,47,10YR,2,2,no,no,,,,no,,,,,no,,bloques,humedo,,,,,
11/04/2014 09:38,udic1-52,Bt1,47,57,7.5YR,3,2,no,si,comunes,finos,precisos,si,concreciones,precisos,escasos,finos,no,,bloques,humedo,64430,,,,
11/04/2014 09:42,udic1-52,Bt2,57,108,7.5YR,3,4,no,si,abundantes,medios,sobresalientes,si,concreciones,precisos,comunes,finos,no,,bloques,humedo,64430,,,,
11/04/2014 09:48,udic1-52,BC,108,140,7.5YR,4,4,no,si,comunes,medios,precisos,si,concreciones,sobresalientes,comunes,finos,no,,bloques,mojado,,,,,
11/04/2014 09:49,udic1-52,C,140,170,7.5YR,4,4,no,no,,,,no,,,,,no,,bloques,mojado,64960,,,,
11/04/2014 10:36,6udic1,A1,0,20,10YR,2,2,no,no,,,,no,,,,,1,,granular,humedo,64351,,,,64535
11/04/2014 10:38,6udic1,A2,20,31,10YR,2,1,no,no,,,,no,,,,,no,,granular,humedo,64351,,,,64535
11/04/2014 10:40,6udic1,BAt,31,50,10YR,3,3,no,si,abundantes,finos,precisos,no,,,,,no,,bloques,humedo,,,,,
11/04/2014 10:42,6udic1,Bt1,50,68,7.5YR,3,2,no,si,comunes,finos,debiles,si,concreciones,precisos,escasos,finos,no,,bloques,humedo,64568,,,,64381
11/04/2014 10:45,6udic1,Bt2,68,98,7.5YR,4,4,no,si,comunes,finos,debiles,si,concreciones,precisos,escasos,finos,no,,bloques,humedo,64568,,,,64381
11/04/2014 10:58,6udic1,Bt3,98,112,7.5YR,3,2,no,si,comunes,finos,debiles,si,concreciones,precisos,escasos,finos,no,,bloques,humedo,64568,,,,64381
11/04/2014 11:00,6udic1,BC,112,122,10YR,4,3,no,si,abundantes,finos,precisos,si,concreciones,sobresalientes,abundantes,medios,no,,bloques,humedo,,,,,
11/04/2014 11:01,6udic1,C,122,160,7.5YR,4,3,no,si,comunes,medios,precisos,si,concreciones,precisos,escasos,medios,no,,masiva,mojado,64773,,,,64974
11/04/2014 11:06,udic1-57,A,0,20,10YR,2,2,no,no,,,,no,,,,,1,,granular,fresco,64838,,,,
11/04/2014 11:08,udic1-57,BA,20,34,7.5YR,3,2,no,no,,,,no,,,,,no,,bloques,fresco,,,,,
11/04/2014 11:10,udic1-57,Bt,34,85,7.5YR,3,4,no,no,,,,no,,,,,no,,bloques,humedo,64558,,,,
11/04/2014 11:18,udic1-57,C,85,145,7.5YR,4,3,1,no,,,,no,,,,,no,,masiva,humedo,64249,Aclarando (color) en profundidad.,,,
11/05/2014 09:43,2co1,An,0,30,10YR,2,1,2,no,,,,si,concreciones,precisos,escasos,finos,2,,masiva,mojado,64887,,,,
11/05/2014 09:45,2co1,E,30,40,10YR,3,2,3,no,,,,no,,,,,1,,masiva,humedo,,,,,
11/05/2014 09:47,2co1,Btn1,40,65,10YR,4,2,2,si,escasos,finos,debiles,si,concreciones,sobresalientes,comunes,medios,1,,bloques,humedo,64664,,,,
11/05/2014 09:49,2co1,Btn2,65,88,7.5YR,5,4,2,si,escasos,finos,debiles,si,concreciones,sobresalientes,comunes,medios,no,,bloques,humedo,64664,,,,
11/05/2014 09:51,2co1,BC,88,105,7.5YR,5,4,3,si,escasos,finos,debiles,si,nodulos; concreciones,sobresalientes,abundantes,grandes,no,,bloques,humedo,,,,,
11/05/2014 09:53,2co1,C,105,137,7.5YR,5,4,3,si,comunes,medios,precisos,si,nodulos,sobresalientes,comunes,grandes,no,,,mojado,64864,,,,
11/05/2014 10:45,albic1-13,E,0,15,10YR,3,2,no,si,escasos,finos,debiles,si,concreciones,debiles,escasos,finos,2,,masiva,mojado,64730,,,,
11/05/2014 11:15,albic1-13,BEt,15,25,7.5YR,3,2,no,si,escasos,medios,debiles,si,concreciones,precisos,comunes,medios,2,,bloques,humedo,,observaciones en la ficha sitio,,n; E,
11/05/2014 11:25,albic1-13,Bt1,25,40,7.5YR,4,4,3,si,comunes,medios,debiles,si,concreciones,precisos,abundantes,medios,2,,bloques,fresco,64457,,,n,
11/05/2014 11:29,albic1-13,Bt2,40,70,7.5YR,3,2,2,si,comunes,medios,debiles,si,nodulos; concreciones,precisos,abundantes,medios,1,,bloques,fresco,64457,,,n,
11/05/2014 11:32,albic1-13,BC,70,85,7.5YR,4,4,3,si,comunes,finos,debiles,si,concreciones,precisos,comunes,finos,1,,,fresco,,,,,
11/05/2014 11:34,albic1-13,C,85,110,7.5YR,4,2,no,no,,,,si,concreciones,precisos,escasos,finos,1,,masiva,fresco,64746,,,,
11/07/2014 13:21,co2-23,C1,0,15,10YR,3,2,no,no,,,,no,,,,,3,,masiva,humedo,,,,A,
11/07/2014 13:25,co2-23,C2,15,42,10YR,3,2,no,no,,,,no,,,,,1,,masiva,mojado,,,,n,
11/07/2014 13:46,co2-23,C3,42,52,10YR,4,2,no,no,,,,si,nodulos; concreciones,precisos,comunes,medios,no,,masiva,humedo,,,,,
11/07/2014 13:53,co2-23,C4,52,70,7.5YR,4,4,3,no,,,,si,nodulos; concreciones,precisos,abundantes,medios,no,,bloques,humedo,,,,Bt,
11/07/2014 14:44,albic3-16,A,0,18,10YR,2,1,no,no,,,,no,,,,,1,,granular,,64768,,,,
11/07/2014 14:46,albic3-16,E,18,34,10YR,4,3,no,si,escasos,finos,debiles,si,concreciones,debiles,escasos,finos,no,,masiva,,,,,BA,
11/07/2014 14:48,albic3-16,Bt1,34,58,7.5YR,3,4,no,si,comunes,finos,debiles,si,concreciones,debiles,comunes,finos,no,,bloques,,64686,,,,
11/07/2014 14:49,albic3-16,Bt2,58,82,7.5YR,4,4,no,si,escasos,finos,debiles,si,concreciones,debiles,escasos,finos,no,,bloques,,64686,,,,
11/07/2014 14:51,albic3-16,BC,82,105,7.5YR,4,4,no,si,comunes,finos,precisos,si,concreciones,debiles,escasos,finos,no,,bloques,,,,,,
11/07/2014 14:55,albic3-16,C,105,135,7.5YR,4,4,no,no,,,,si,concreciones,precisos,comunes,medios,no,,masiva,,64532,,,,
11/07/2014 15:16,albic3-17,A,0,14,10YR,2,2,no,si,comunes,finos,debiles,no,,,,,3,,granular,humedo,64881,,,,
11/07/2014 15:19,albic3-17,BA,14,30,10YR,3,2,2,si,escasos,finos,debiles,si,concreciones,precisos,comunes,medios,2,,bloques,humedo,,,,,
11/07/2014 15:21,albic3-17,Btn,30,46,10YR,3,2,2,si,escasos,finos,debiles,si,concreciones,precisos,comunes,medios,1,,bloques,humedo,65015,,,,
11/07/2014 15:23,albic3-17,Btn2,46,62,10YR,4,4,2,si,escasos,finos,debiles,si,concreciones,precisos,comunes,medios,1,,bloques,humedo,65015,,,,
11/07/2014 15:25,albic3-17,BC,62,80,10YR,4,4,2,si,abundantes,medios,precisos,si,nodulos; concreciones,precisos,abundantes,medios,1,,bloques,humedo,,,,,
11/07/2014 15:28,albic3-17,C,80,114,10YR,4,3,2,no,,,,si,concreciones,precisos,comunes,medios,no,,masiva,mojado,64761,,,k,
11/07/2014 16:01,1co2,C1,0,12,10YR,3,2,3,no,,,,si,diseminado,,,,2,,masiva,humedo,,,,n; k; A,
11/07/2014 16:03,1co2,C2,12,34,10YR,3,2,1,no,,,,si,diseminado,,,,1,,masiva,humedo,,,,n; k; A; E,
11/07/2014 16:05,1co2,2Btn,34,60,7.5YR,4,4,no,si,comunes,medios,precisos,si,concreciones,precisos,comunes,grandes,1,,bloques,humedo,64996,,,C3,
11/07/2014 16:26,1co2,2C,60,90,7.5YR,5,4,no,si,comunes,grandes,precisos,si,concreciones,precisos,comunes,grandes,,,bloques,mojado,64321,,,,
11/10/2014 11:24,udic1-76,A1,0,20,10YR,3,2,no,no,,,,no,,,,,2,,granular,humedo,64307,,,p,64903
11/10/2014 11:25,udic1-76,A2,20,30,10YR,2,2,no,no,,,,no,,,,,2,,granular,humedo,64307,,,AB,64903
11/10/2014 11:29,udic1-76,Bt1,30,50,7.5YR,3,2,no,si,comunes,finos,debiles,si,concreciones,precisos,comunes,finos,1,,bloques,humedo,64475,,,,64837
11/10/2014 11:31,udic1-76,Bt2,50,77,7.5YR,3,2,no,si,abundantes,medios,precisos,si,concreciones,precisos,comunes,finos,no,,bloques,humedo,64475,,,,64837
11/10/2014 11:34,udic1-76,Bt3,50,77,7.5YR,4,4,no,si,comunes,finos,precisos,si,concreciones,precisos,abundantes,finos,no,,bloques,humedo,64475,,,,64837
11/10/2014 11:36,udic1-76,BC,93,115,7.5YR,5,4,no,si,comunes,medios,precisos,si,concreciones,precisos,escasos,finos,no,,bloques,humedo,,,,,
11/10/2014 11:37,udic1-76,C,115,130,7.5YR,5,4,no,si,escasos,finos,debiles,no,,,,,no,,masiva,seco,64882,,,,65036
11/10/2014 11:42,udic1-76,2C,130,174,7.5YR,5,4,no,si,comunes,finos,debiles,si,concreciones,debiles,comunes,finos,no,,bloques,fresco,64734,Más arcilloso y rojizo que el horizonte C.,,2Bt,
11/10/2014 12:04,2co3,A,0,18,10YR,3,2,no,si,escasos,finos,debiles,no,,,,,2,,granular,,64446,,,,
11/10/2014 12:07,2co3,E,18,30,10YR,4,2,no,no,,,,si,concreciones,precisos,comunes,medios,no,,masiva,,,,,,
11/10/2014 12:09,2co3,Btn1,30,45,10YR,3,3,1,si,abundantes,medios,sobresalientes,si,concreciones,sobresalientes,abundantes,medios,no,,bloques,,64767,,,,
11/10/2014 12:11,2co3,Btn2,45,65,10YR,4,3,1,si,abundantes,grandes,precisos,si,concreciones,precisos,abundantes,finos,no,,bloques,,64767,,,,
11/10/2014 12:13,2co3,Btn3,65,87,7.5YR,5,4,2,si,abundantes,medios,sobresalientes,si,nodulos; concreciones,precisos,comunes,medios,no,,granular,,64767,,,,
11/11/2014 08:44,2co3,BC,87,122,7.5YR,5,4,no,si,comunes,finos,precisos,si,concreciones,precisos,comunes,finos,no,,bloques,,,,,,
11/11/2014 08:46,2co3,C,122,150,7.5YR,5,4,no,si,comunes,finos,precisos,si,concreciones,precisos,comunes,finos,no,,masiva,,64772,,,,
11/11/2014 14:44,udic2-96,A1,0,10,10YR,2,2,no,no,,,,no,,,,,1,,laminar,fresco,64824,,,p,
11/11/2014 14:46,udic2-96,A2,10,22,10YR,2,2,no,no,,,,no,,,,,no,,granular,fresco,64824,,,,
11/11/2014 14:47,udic2-96,AB,22,30,10YR,2,2,no,no,,,,no,,,,,no,,bloques,fresco,,,,,
11/11/2014 14:49,udic2-96,Bt1,30,59,10YR,3,2,no,si,comunes,finos,debiles,si,concreciones,debiles,escasos,finos,no,,bloques,fresco,64710,,,,
11/11/2014 14:50,udic2-96,Bt2,59,90,7.5YR,3,2,no,si,comunes,finos,precisos,si,concreciones,debiles,comunes,finos,no,,bloques,fresco,64710,,,,
11/11/2014 14:52,udic2-96,Bt3,90,120,7.5YR,4,4,no,si,escasos,finos,debiles,no,,,,,no,,bloques,fresco,64710,,,BC,
11/11/2014 15:26,udic2-96,Ck,120,170,7.5YR,5,4,3,no,,,,si,masa; nodulos,sobresalientes,abundantes,grandes,no,,bloques,fresco,64348,,,,
11/11/2014 15:38,udic2-101,A1,0,10,10YR,2,2,no,no,,,,no,,,,,2,,laminar,,64936,,,,
11/11/2014 15:40,udic2-101,A2,10,25,10YR,2,2,no,no,,,,no,,,,,1,,granular,,64936,,,,
11/11/2014 15:41,udic2-101,BAt,25,35,10YR,2,2,no,no,,,,no,,,,,1,,bloques,,,,,,
11/11/2014 15:44,udic2-101,Bt1,35,51,7.5YR,3,2,no,si,escasos,finos,debiles,no,,,,,1,,bloques,,64572,,,,
11/11/2014 16:00,udic2-101,Bt2,51,80,7.5YR,4,2,no,si,escasos,finos,debiles,si,concreciones,precisos,comunes,finos,no,,bloques,,64572,,,,
11/11/2014 16:02,udic2-101,BC,80,100,7.5YR,4,4,no,si,comunes,finos,debiles,no,,,,,no,,bloques,,,,,,
11/11/2014 16:03,udic2-101,C,100,130,7.5YR,4,4,no,no,,,,no,,,,,no,,masiva,,64396,,,,
11/11/2014 16:18,udic2-108,A,0,25,10YR,2,2,no,no,,,,no,,,,,3,,granular,humedo,64425,,,,
11/11/2014 16:19,udic2-108,BAt,25,40,10YR,3,3,no,si,escasos,finos,debiles,no,,,,,2,,bloques,mojado,,,,,
11/11/2014 16:21,udic2-108,Bt1,40,80,7.5YR,3,2,no,si,abundantes,finos,precisos,si,concreciones,precisos,comunes,finos,1,,bloques,humedo,64450,,,,
11/11/2014 16:23,udic2-108,Bt2,80,100,7.5YR,4,2,no,si,comunes,finos,precisos,si,concreciones,sobresalientes,comunes,medios,no,,bloques,humedo,64450,,,,
11/11/2014 16:24,udic2-108,BC,100,125,7.5YR,5,4,no,si,comunes,finos,precisos,si,concreciones,precisos,comunes,finos,no,,bloques,mojado,,,,,
11/11/2014 16:26,udic2-108,2C,125,168,7.5YR,5,4,no,si,comunes,finos,precisos,si,concreciones,precisos,escasos,finos,no,,masiva,humedo,64318,,,,
11/12/2014 09:53,udic2-108,2C,125,168,7.5YR,5,4,no,si,comunes,finos,precisos,si,concreciones,precisos,escasos,finos,no,,masiva,humedo,64318,,,,
11/12/2014 10:29,udic1-58,A,0,10,10YR,2,2,no,no,,,,no,,,,,1,,bloques,seco,64612,,,,
11/12/2014 10:43,udic1-58,Ba,10,22,7.5YR,3,2,no,si,escasos,finos,debiles,no,,,,,no,,bloques,fresco,,,,,
11/12/2014 10:45,udic1-58,Bt1,22,55,7.5YR,3,4,no,si,comunes,finos,debiles,si,concreciones,precisos,escasos,finos,no,,bloques,humedo,64404,,,,
11/12/2014 10:47,udic1-58,Bt2,55,83,7.5YR,4,6,no,si,comunes,finos,debiles,si,concreciones,precisos,escasos,finos,no,,bloques,humedo,64404,,,,
11/12/2014 10:48,udic1-58,C,83,125,7.5YR,4,4,no,si,escasos,finos,precisos,no,,,,,no,,masiva,,64774,,,BC,
11/12/2014 11:03,co1-18,A1,0,12,10YR,2,2,no,no,,,,no,,,,,2,,laminar,humedo,64370,compactado,,p,
11/12/2014 11:05,co1-18,A2,12,25,10YR,2,1,no,no,,,,no,,,,,2,,bloques,humedo,64370,,,,
11/12/2014 11:06,co1-18,Bt1,25,47,10YR,3,2,no,si,escasos,finos,debiles,si,concreciones,debiles,escasos,finos,1,,bloques,humedo,64797,,,,
11/12/2014 11:08,co1-18,Bt2,47,79,7.5YR,4,2,no,si,comunes,finos,debiles,si,concreciones,debiles,escasos,finos,1,,bloques,fresco,64797,,,,
11/12/2014 11:10,co1-18,BC,79,105,7.5YR,4,2,no,si,escasos,finos,debiles,si,concreciones,debiles,escasos,finos,1,,bloques,fresco,,,,,
11/12/2014 11:12,co1-18,Ck,105,140,7.5YR,5,4,no,no,,,,si,masa; nodulos,sobresalientes,comunes,grandes,no,,masiva,fresco,64607,,,,
11/14/2014 11:31:03,udic1-56,A,0,17,10YR,3,2,no,no,,,,no,,,,,1,,granular,,64945,,no,p,
11/14/2014 11:59:27,udic1-56,Bt1,17,45,7.5YR,4,2,no,si,comunes,finos,debiles,si,concreciones,debiles,escasos,finos,1,,bloques,humedo,64673,,no,,
11/14/2014 12:01:35,udic1-56,Bt2,45,84,7.5YR,5,4,no,si,comunes,finos,debiles,si,concreciones,precisos,escasos,finos,no,,bloques,humedo,64673,,si,,
11/14/2014 12:02:51,udic1-56,BC,84,95,7.5YR,5,4,no,no,,,,no,,,,,no,,bloques,fresco,,,no,,
11/14/2014 12:04:41,udic1-56,C,95,127,7.5YR,6,6,no,no,,,,no,,,,,no,,masiva,fresco,64608,,no,,
11/14/2014 13:14:37,udic1-74,A,0,20,10YR,3,2,no,no,,,,no,,,,,2,,granular,fresco,64980,,no,,
11/14/2014 13:16:21,udic1-74,AB,20,30,10YR,3,3,no,no,,,,no,,,,,no,,bloques,humedo,,,no,,
11/14/2014 13:18:09,udic1-74,Bt1,30,55,10YR,4,3,no,si,comunes,finos,precisos,si,concreciones,precisos,escasos,finos,no,,bloques,,64747,,si,,
11/14/2014 13:20:10,udic1-74,Bt2,55,83,7.5YR,4,2,no,si,comunes,finos,precisos,si,concreciones,precisos,escasos,finos,no,,bloques,,64747,,si,,
11/14/2014 13:21:26,udic1-74,BC,83,97,7.5YR,4,6,no,si,escasos,finos,debiles,no,,,,,no,,bloques,,,,no,,
11/14/2014 13:23:09,udic1-74,C,97,125,7.5YR,5,6,no,no,,,,no,,,,,no,,masiva,fresco,64749,,no,,
11/14/2014 13:38:04,udic1-81,A,0,22,10YR,2,2,no,no,,,,no,,,,,1,,granular,,64732,,no,,
11/14/2014 13:43:52,udic1-81,AB,22,32,10YR,3,2,no,no,,,,no,,,,,no,,bloques,,,,si,,
11/14/2014 13:48:49,udic1-81,Bt1,32,70,10YR,3,4,no,no,,,,no,,,,,no,,bloques,,64978,,no,,
11/14/2014 13:56:06,udic1-81,Bt2,70,105,7.5YR,4,4,no,si,comunes,finos,precisos,si,concreciones,precisos,comunes,finos,no,,bloques,,64978,,no,,
11/14/2014 13:57:18,udic1-81,BC,105,125,7.5YR,4,4,no,no,,,,no,,,,,no,,bloques,,,,no,,
11/14/2014 14:00:00,udic1-81,C,125,158,7.5YR,4,6,no,no,,,,no,,,,,no,,bloques,,64752,,no,,
11/14/2014 14:59:11,udic1-60,A,0,19,10YR,2,1,no,no,,,,no,,,,,2,,granular,fresco,64585,,no,,
11/14/2014 15:12:42,udic1-60,Bt1,19,30,10YR,2,1,no,no,,,,no,,,,,1,,bloques,,64353,,no,,
11/14/2014 15:14:41,udic1-60,Bt2,30,55,10YR,2,2,2,si,escasos,finos,debiles,si,nodulos; concreciones,debiles,escasos,finos,no,,bloques,,64353,,no,,
11/14/2014 15:26:58,udic1-60,Btk,55,92,7.5YR,3,2,3,si,comunes,finos,precisos,si,diseminado; nodulos; concreciones,precisos,comunes,finos,no,,bloques,,64353,,no,,
11/14/2014 15:28:30,udic1-60,BCk,92,103,7.5YR,4,2,3,no,,,,si,diseminado; nodulos,precisos,comunes,medios,no,,bloques,,,,no,,
11/14/2014 15:30:05,udic1-60,Ck,103,138,7.5YR,4,2,3,no,,,,si,diseminado; nodulos,precisos,comunes,medios,no,,bloques,,64709,,no,,
11/17/2014 9:49:19,udic1-48,E,0,30,10YR,3,3,no,no,,,,no,,,,,3,,masiva,fresco,64379,,no,,
11/17/2014 9:51:44,udic1-48,Bt,30,55,10YR,3,3,no,si,escasos,finos,debiles,no,,,,,2,,bloques,humedo,64234,,no,n,
11/17/2014 9:54:19,udic1-48,Btk,55,80,7.5YR,4,4,2,si,abundantes,medios,precisos,si,nodulos; concreciones,precisos,comunes,medios,no,,bloques,humedo,64234,,no,k,
11/17/2014 9:56:30,udic1-48,BCk,80,95,7.5YR,5,4,3,no,,,,si,diseminado; nodulos,sobresalientes,comunes,grandes,no,,bloques,humedo,,,no,,
11/17/2014 9:59:50,udic1-48,Ck,95,124,7.5YR,5,4,3,no,,,,si,diseminado; nodulos,sobresalientes,abundantes,grandes,no,,bloques,mojado,64586,,no,,
11/17/2014 10:13:51,udic1-47,A,0,8,10YR,2,2,no,no,,,,no,,,,,1,,bloques,fresco,64787,,no,,
11/17/2014 10:15:38,udic1-47,BAt,8,18,10YR,3,2,no,no,,,,no,,,,,no,,bloques,fresco,,,no,,
11/17/2014 10:16:48,udic1-47,Bt1,18,43,7.5YR,3,2,no,si,comunes,finos,debiles,no,,,,,no,,bloques,fresco,64571,,no,,
11/17/2014 10:17:51,udic1-47,Bt2,43,70,7.5YR,4,2,no,si,escasos,finos,debiles,no,,,,,no,,bloques,fresco,64571,,no,,
11/17/2014 10:18:57,udic1-47,BC,70,82,7.5YR,4,2,no,no,,,,no,,,,,no,,bloques,fresco,,,no,,
11/17/2014 10:19:52,udic1-47,C,82,112,7.5YR,4,4,no,no,,,,no,,,,,no,,masiva,fresco,64892,,no,,
11/17/2014 10:42:19,udic2-98,A,0,18,10YR,3,2,no,no,,,,no,,,,,1,,laminar,humedo,64541,,no,,
11/17/2014 10:43:20,udic2-98,AB,18,30,10YR,3,2,no,no,,,,no,,,,,1,,bloques,humedo,,,no,,
11/17/2014 10:44:18,udic2-98,Bt1,30,57,7.5YR,3,4,no,no,,,,no,,,,,no,,bloques,humedo,64573,,no,,
11/17/2014 10:45:03,udic2-98,Bt2,57,70,7.5YR,4,4,no,no,,,,no,,,,,no,,bloques,humedo,64573,,no,,
11/17/2014 10:52:28,udic2-98,BC,70,85,7.5YR,4,6,no,no,,,,no,,,,,no,,bloques,humedo,,,no,,
11/17/2014 10:54:17,udic2-98,C,85,130,7.5YR,4,4,no,no,,,,no,,,,,no,,masiva,mojado,64716,,no,,
11/17/2014 11:06:25,udic1-55,A,0,53,10YR,2,2,no,no,,,,no,,,,,2,,laminar,humedo,64854,,no,p,
11/17/2014 11:07:30,udic1-55,Bt1,53,78,7.5YR,3,2,no,no,,,,no,,,,,2,,bloques,humedo,64948,,si,,
11/17/2014 11:09:00,udic1-55,Bt2,78,118,7.5YR,4,2,no,si,escasos,finos,debiles,no,,,,,2,,bloques,humedo,64948,,no,,
11/17/2014 11:10:06,udic1-55,Bt3,118,139,7.5YR,4,4,no,si,escasos,finos,debiles,no,,,,,1,,bloques,humedo,64948,,no,,
11/17/2014 11:11:03,udic1-55,BC,139,182,7.5YR,4,4,no,no,,,,no,,,,,no,,bloques,humedo,,,no,,
11/17/2014 11:12:12,udic1-55,C,182,212,7.5YR,5,4,no,no,,,,no,,,,,no,,masiva,mojado,64688,,no,,
11/17/2014 11:21:26,udic1-67,A,0,25,10YR,3,2,no,no,,,,no,,,,,3,,granular,humedo,64916,,no,,
11/17/2014 11:22:34,udic1-67,Bt1,25,66,7.5YR,3,2,no,si,escasos,finos,debiles,si,concreciones,debiles,escasos,finos,2,,bloques,humedo,64924,,no,,
11/17/2014 11:23:46,udic1-67,Bt2,66,85,7.5YR,3,4,no,si,comunes,finos,precisos,no,,,,,1,,bloques,humedo,64924,,no,,
11/17/2014 11:24:34,udic1-67,BC,85,96,7.5YR,4,4,no,si,escasos,finos,debiles,no,,,,,1,,bloques,humedo,,,no,,
11/17/2014 11:26:43,udic1-67,C,96,130,7.5YR,4,4,no,si,escasos,medios,precisos,si,nodulos,debiles,comunes,medios,1,,masiva,humedo,64805,,no,,
11/17/2014 11:35:53,udic1-35,A,0,20,10YR,2,2,no,no,,,,no,,,,,1,,granular,fresco,64264,,no,,
11/17/2014 11:36:54,udic1-35,AB,20,30,7.5YR,3,2,no,no,,,,no,,,,,1,,bloques,humedo,,,no,,
11/17/2014 11:38:10,udic1-35,Bt1,30,40,7.5YR,3,2,no,si,escasos,finos,debiles,no,,,,,1,,bloques,humedo,64626,,no,,
11/17/2014 11:40:23,udic1-35,Bt2,40,80,7.5YR,4,4,no,si,escasos,finos,debiles,si,concreciones,debiles,escasos,finos,no,,bloques,humedo,64626,,no,,
11/17/2014 11:44:44,udic1-35,Bt3,80,100,7.5YR,4,4,no,no,,,,no,,,,,no,,bloques,humedo,64626,,no,,
11/17/2014 11:45:52,udic1-35,BC,100,110,7.5YR,4,4,no,si,escasos,finos,debiles,no,,,,,no,,bloques,humedo,,,no,,
11/17/2014 11:47:06,udic1-35,C,110,142,7.5YR,5,4,no,no,,,,no,,,,,no,,masiva,mojado,64830,,no,,
11/18/2014 11:47:31,udic1-85,A,0,50,10YR,2,2,no,no,,,,no,,,,,1,,granular,,64518,,no,,
11/18/2014 11:48:32,udic1-85,AB,50,80,10YR,3,2,no,no,,,,no,,,,,1,,bloques,,,,no,,
11/18/2014 11:49:32,udic1-85,Bt1,80,120,7.5YR,4,2,no,si,escasos,finos,precisos,no,,,,,no,,bloques,,64447,,no,,
11/18/2014 11:50:56,udic1-85,Bt2,120,166,7.5YR,5,4,no,si,escasos,finos,precisos,si,concreciones,precisos,escasos,finos,no,,bloques,,64447,,no,,
11/18/2014 11:52:52,udic1-85,BC,166,189,7.5YR,5,4,no,si,comunes,finos,precisos,si,nodulos; concreciones,precisos,comunes,medios,no,,bloques,,,,no,,
11/18/2014 11:55:15,udic1-85,C,189,225,7.5YR,5,4,no,no,,,,si,nodulos,debiles,comunes,medios,no,,bloques,,64320,,no,,
11/18/2014 12:01:58,udic1-88,A,0,20,7.5YR,3,2,no,no,,,,no,,,,,1,,granular,,64416,,no,,
11/18/2014 12:02:53,udic1-88,BAt,20,35,7.5YR,3,2,no,no,,,,no,,,,,no,,bloques,,,,no,,
11/18/2014 12:03:55,udic1-88,Bt1,35,70,7.5YR,3,4,no,no,,,,no,,,,,no,,bloques,,64494,,no,,
11/18/2014 12:04:53,udic1-88,Bt2,70,105,7.5YR,4,4,no,no,,,,no,,,,,no,,bloques,,64494,,no,,
11/18/2014 12:05:37,udic1-88,BC,105,120,7.5YR,4,4,no,no,,,,no,,,,,no,,bloques,,,,no,,
11/18/2014 12:06:46,udic1-88,C,120,155,7.5YR,4,6,no,no,,,,si,nodulos,debiles,comunes,medios,no,,bloques,,64982,,no,,
11/18/2014 12:13:22,8udic1,A,0,22,10YR,3,2,no,no,,,,no,,,,,2,,granular,,64260,,no,,
11/18/2014 12:14:18,8udic1,BA,22,32,10YR,2,2,no,no,,,,no,,,,,1,,bloques,,,,no,,
11/18/2014 12:15:30,8udic1,Bt1,32,60,7.5YR,3,2,no,no,,,,no,,,,,1,,bloques,,64513,,no,,
11/18/2014 12:16:48,8udic1,Bt2,60,100,7.5YR,4,2,no,si,escasos,finos,precisos,si,concreciones,debiles,escasos,finos,no,,bloques,,64513,,no,,
11/18/2014 12:17:37,8udic1,BC,100,113,7.5YR,4,4,no,si,escasos,finos,precisos,no,,,,,no,,bloques,,,,no,,
11/18/2014 12:18:57,8udic1,c,113,152,7.5YR,4,4,no,no,,,,si,nodulos,debiles,comunes,medios,no,,bloques,,64403,,no,,
11/18/2014 14:13:38,udic1-26,A1,0,20,10YR,3,1,no,no,,,,no,,,,,3,,masiva,mojado,64973,,no,,64689
11/18/2014 14:18:59,udic1-26,A2,20,35,10YR,2,1,no,no,,,,no,,,,,2,,masiva,mojado,64973,,no,,64689
11/18/2014 14:20:45,udic1-26,Bt1,35,84,10YR,3,2,no,si,abundantes,medios,sobresalientes,si,concreciones,precisos,comunes,medios,1,,bloques,humedo,64301,,no,,64744
11/18/2014 14:22:42,udic1-26,Bt2,84,116,7.5YR,4,2,no,si,abundantes,finos,precisos,si,concreciones,precisos,comunes,finos,1,,bloques,humedo,64301,,no,,64744
11/18/2014 14:24:35,udic1-26,Bt3,116,137,7.5YR,5,4,no,si,comunes,finos,precisos,si,concreciones,precisos,abundantes,finos,1,,bloques,humedo,64301,,no,,64744
11/18/2014 14:25:43,udic1-26,BC,137,160,7.5YR,5,4,no,si,escasos,finos,precisos,si,concreciones,precisos,escasos,finos,no,,bloques,fresco,,,no,,
11/18/2014 14:27:05,udic1-26,C,160,195,7.5YR,5,4,no,no,,,,no,,,,,no,,masiva,mojado,64639,,no,,64492
11/19/2014 9:51:13,udic1-79,A,0,22,10YR,2,2,no,no,,,,no,,,,,1,,granular,fresco,64259,,no,,
11/19/2014 9:52:54,udic1-79,Bt1,22,50,7.5YR,3,2,no,si,comunes,finos,precisos,no,,,,,no,,bloques,fresco,64619,,no,,
11/19/2014 9:53:53,udic1-79,Bt2,50,78,7.5YR,3,2,no,no,,,,no,,,,,no,,bloques,fresco,64619,,no,,
11/19/2014 9:54:40,udic1-79,Bt3,78,98,7.5YR,4,2,no,no,,,,no,,,,,no,,bloques,fresco,64619,,no,,
11/19/2014 9:55:27,udic1-79,BC,98,138,7.5YR,4,4,no,no,,,,no,,,,,no,,bloques,fresco,,,no,,
11/19/2014 9:57:05,udic1-79,C,138,168,7.5YR,4,4,no,no,,,,si,nodulos,sobresalientes,comunes,medios,no,,masiva,fresco,64841,,no,,
11/19/2014 10:12:28,udic1-45,A,0,37,10YR,2,1,no,no,,,,no,,,,,3,,granular,humedo,65012,,no,,64879
11/19/2014 10:14:10,udic1-45,E,37,55,10YR,3,2,no,no,,,,si,concreciones,debiles,escasos,finos,no,,masiva,mojado,,,no,AB,
11/19/2014 10:15:55,udic1-45,Bt1,55,100,10YR,3,2,no,no,,,,si,concreciones,precisos,comunes,finos,no,,bloques,humedo,64799,,no,,64284
11/19/2014 10:17:30,udic1-45,Bt2,100,130,10YR,4,3,no,si,comunes,finos,precisos,si,concreciones,precisos,comunes,finos,no,,bloques,fresco,64799,,no,,64284
11/19/2014 10:18:55,udic1-45,BC,130,150,10YR,5,3,no,si,comunes,finos,precisos,si,nodulos; concreciones,precisos,comunes,medios,no,,bloques,fresco,,,no,,
11/19/2014 10:20:27,udic1-45,2C,150,190,7.5YR,4,4,no,no,,,,si,nodulos,debiles,comunes,medios,no,,bloques,fresco,64443,,no,,64611
11/19/2014 10:30:59,udic1-72,A,0,20,10YR,2,2,no,no,,,,no,,,,,2,,granular,fresco,64677,,no,,
11/19/2014 10:31:49,udic1-72,Bt1,20,58,7.5YR,3,2,no,no,,,,no,,,,,1,,bloques,fresco,64499,,no,,
11/19/2014 10:32:29,udic1-72,Bt2,58,82,7.5YR,3,4,no,no,,,,no,,,,,1,,bloques,fresco,64499,,si,,
11/19/2014 10:33:15,udic1-72,BC,82,97,7.5YR,4,4,no,no,,,,no,,,,,no,,bloques,fresco,,,si,,
11/19/2014 10:35:03,udic1-72,Ck,97,128,7.5YR,5,4,3,no,,,,si,diseminado; nodulos,sobresalientes,comunes,grandes,no,,masiva,fresco,64409,,no,,
11/19/2014 10:48:29,udic1-69,A,0,18,10YR,3,2,no,no,,,,no,,,,,1,,granular,fresco,64658,,no,,
11/19/2014 10:49:32,udic1-69,AB,18,27,7.5YR,2,2,no,no,,,,no,,,,,no,,bloques,fresco,,,no,,
11/19/2014 10:50:23,udic1-69,Bt1,27,65,7.5YR,3,2,no,no,,,,no,,,,,no,,bloques,fresco,64740,,no,,
11/19/2014 10:51:14,udic1-69,Bt2,65,90,7.5YR,4,2,no,si,escasos,finos,debiles,no,,,,,no,,bloques,fresco,64740,,si,,
11/19/2014 10:51:53,udic1-69,BC,90,105,7.5YR,5,4,no,no,,,,no,,,,,no,,bloques,fresco,,,no,,
11/19/2014 10:53:06,udic1-69,Ck,105,135,7.5YR,5,4,3,no,,,,si,diseminado; nodulos,debiles,comunes,grandes,no,,bloques,fresco,64926,,no,,
11/19/2014 11:00:52,udic1-92,A,0,25,10YR,2,2,no,no,,,,no,,,,,3,,granular,humedo,64655,,no,,
11/19/2014 11:01:57,udic1-92,AB,25,35,10YR,3,2,no,no,,,,no,,,,,1,,bloques,humedo,,,no,,
11/19/2014 11:02:49,udic1-92,Bt1,35,60,7.5YR,3,2,no,no,,,,no,,,,,1,,bloques,humedo,64604,,no,,
11/19/2014 11:03:24,udic1-92,Bt2,60,80,7.5YR,3,4,no,no,,,,no,,,,,1,,bloques,humedo,64604,,no,,
11/19/2014 11:04:14,udic1-92,BC,80,95,7.5YR,4,2,no,no,,,,no,,,,,no,,bloques,humedo,,,no,,
11/19/2014 11:05:11,udic1-92,C,95,135,7.5YR,4,4,no,no,,,,no,,,,,no,,masiva,humedo,64233,,no,,
11/20/2014 15:19:49,1udic2,A,0,25,10YR,3,2,no,no,,,,no,,,,,1,,granular,humedo,64791,,no,,
11/20/2014 15:20:37,1udic2,BA,25,35,7.5YR,3,2,no,no,,,,no,,,,,no,,bloques,humedo,,,no,,
11/20/2014 15:21:34,1udic2,Bt1,35,58,7.5YR,4,2,no,no,,,,no,,,,,no,,bloques,humedo,64784,,si,,
11/20/2014 15:22:17,1udic2,Bt2,58,84,7.5YR,4,2,no,no,,,,no,,,,,no,,bloques,humedo,64784,,si,,
11/20/2014 15:23:03,1udic2,BC,84,106,7.5YR,4,4,no,no,,,,no,,,,,no,,bloques,humedo,,,no,,
11/20/2014 15:24:14,1udic2,C,106,138,7.5YR,4,4,no,no,,,,no,,,,,no,,bloques,humedo,64910,,no,,
11/27/2014 15:05:12,udic1-54,A,0,25,10YR,3,2,no,no,,,,no,,,,,1,,granular,humedo,64360,,no,,
11/27/2014 15:06:54,udic1-54,Bt1,25,42,7.5YR,3,2,no,no,,,,no,,,,,1,,bloques,humedo,64659,,no,,
11/27/2014 15:08:24,udic1-54,Bt2,42,65,7.5YR,4,4,no,si,comunes,finos,debiles,no,,,,,no,,bloques,humedo,64659,,si,,
11/27/2014 15:09:55,udic1-54,Bt3,65,97,7.5YR,4,4,no,si,escasos,finos,debiles,no,,,,,no,,bloques,humedo,64659,,si,,
11/27/2014 15:11:31,udic1-54,BC,97,120,7.5YR,5,4,no,no,,,,no,,,,,no,,bloques,humedo,,,no,,
11/27/2014 15:12:42,udic1-54,C,120,150,7.5YR,5,4,no,no,,,,no,,,,,no,,masiva,humedo,64643,,no,,
11/29/2014 15:09:23,udic2-112,A,0,35,10YR,2,2,no,no,,,,no,,,,,1,,laminar,fresco,64433,,no,,
11/29/2014 15:22:31,udic2-112,Bt1,35,60,7.5YR,3,2,no,no,,,,no,,,,,no,,bloques,fresco,64930,,no,,
11/29/2014 15:35:18,udic2-112,Bt2,60,98,7.5YR,4,4,no,no,,,,no,,,,,no,,bloques,fresco,64930,,no,,
11/29/2014 15:37:56,udic2-112,BC,98,120,7.5YR,5,4,,no,,,,no,,,,,no,,bloques,fresco,,,no,,
11/29/2014 15:45:29,udic2-112,C,120,150,,4,4,no,no,,,,si,nodulos,,,,no,,masiva,fresco,64413,,no,,
12/22/2014 16:02:35,udic1-61,A1,0,10,10YR,2,2,no,no,,,,no,,,,,1,,granular,humedo,64733,,no,,
12/22/2014 16:12:08,udic1-61,A2,10,22,10YR,2,2,no,no,,,,no,,,,,1,,bloques,humedo,64733,,no,,
12/22/2014 16:18:12,udic1-61,Bt1,22,40,10YR,3,3,no,no,,,,no,,,,,1,,bloques,humedo,64651,,si,,
12/22/2014 16:29:15,udic1-61,Bt2,40,65,7.5YR,3,2,no,no,,,,no,,,,,1,,bloques,humedo,64651,,si,,
12/22/2014 16:44:28,udic1-61,Bt3,65,88,7.5YR,4,4,no,no,,,,no,,,,,no,,bloques,humedo,64651,,si,,
12/23/2014 10:58:07,udic1-61,BC,88,104,7.5YR,4,4,no,no,,,,no,,,,,no,,bloques,humedo,,,no,,
12/23/2014 11:01:06,udic1-61,Ck,104,135,7.5YR,4,4,3,no,,,,no,,,,,no,,bloques,humedo,64984,,no,,
12/23/2014 11:29:57,1albic1,A,0,15,,,,no,si,comunes,finos,debiles,si,concreciones,precisos,comunes,finos,2,,masiva,,64534,,no,,
12/23/2014 11:36:29,1albic1,E,15,30,,,,no,no,,,,si,concreciones,precisos,abundantes,finos,no,,masiva,,,,no,,
12/23/2014 11:41:02,1albic1,Bt1,30,50,,,,no,si,abundantes,finos,precisos,si,concreciones,precisos,abundantes,finos,no,,bloques,,64793,,no,n,
,1albic1,Bt2,50,90,,,,,si,abundantes,finos,precisos,si,concreciones,precisos,comunes,finos,no,,bloques,,64793,,no,n,
,1albic1,BC,90,110,,,,,no,,,,si,concreciones,debiles,escasos,finos,no,,bloques,,,,no,,
,1albic1,C,110,150,,,,,no,,,,si,nodulos,precisos,comunes,grandes,no,,bloques,,64698,,,,
01/06/2015 14:37,4udic1,A,0,19,10YR,2,1,no,no,,,,no,,,,,2,,laminar,fresco,64339,,no,,
01/06/2015 14:38,4udic1,BA,19,29,10YR,2,2,no,no,,,,no,,,,,no,,bloques,humedo,,,no,,
01/06/2015 14:39,4udic1,Bt1,29,51,7.5YR,3,2,no,si,escasos,finos,debiles,no,,,,,no,,bloques,humedo,64248,,no,,
01/06/2015 14:41,4udic1,Bt2,51,74,7.5YR,3,4,no,si,comunes,medios,precisos,no,,,,,no,,bloques,humedo,64248,,no,,
01/06/2015 14:43,4udic1,BC,74,117,7.5YR,3,4,no,si,comunes,medios,precisos,si,nodulos,precisos,comunes,medios,1,,bloques,mojado,,,no,,
01/06/2015 14:44,4udic1,C,117,163,7.5YR,4,4,no,si,comunes,grandes,precisos,si,nodulos,precisos,comunes,grandes,no,,bloques,mojado,64640,,no,,
01/06/2015 15:07,2acuic1,A,0,20,10YR,3,1,no,no,,,,no,,,,,2,,bloques,humedo,64444,,no,,
01/06/2015 15:08,2acuic1,AE,20,28,10YR,3,1,no,no,,,,no,,,,,1,,masiva,humedo,,,no,,
01/06/2015 15:10,2acuic1,EB,28,40,10YR,3,2,no,si,abundantes,finos,precisos,si,concreciones,precisos,comunes,finos,no,,bloques,humedo,64771,,no,,
01/06/2015 15:12,2acuic1,Bt1,40,65,10YR,2,1,no,si,abundantes,finos,debiles,si,concreciones,precisos,abundantes,finos,no,,bloques,humedo,64289,,no,,
01/06/2015 15:13,2acuic1,Bt2,65,85,10YR,3,2,no,si,comunes,finos,debiles,si,concreciones,debiles,escasos,finos,1,,bloques,humedo,64289,,si,,
01/06/2015 15:14,2acuic1,BC,85,100,10YR,4,2,no,no,,,,no,,,,,no,,bloques,humedo,,,si,,
01/06/2015 15:16,2acuic1,2Cm,100,134,7.5YR,3,4,no,no,,,,no,,,,,no,,bloques,mojado,64898,,no,,
01/06/2015 15:33,udic2-109,A,0,18,10YR,2,1,no,no,,,,no,,,,,no,,granular,fresco,64628,,no,,64798
01/06/2015 15:34,udic2-109,BA,18,30,10YR,2,2,no,no,,,,no,,,,,no,,bloques,fresco,,,no,,
01/06/2015 15:35,udic2-109,Bt,30,65,10YR,3,3,no,no,,,,no,,,,,no,,bloques,fresco,64602,,no,,64674
01/06/2015 15:37,udic2-109,BC,65,110,10YR,4,4,no,no,,,,si,nodulos,debiles,escasos,medios,no,,bloques,humedo,,,no,,
01/06/2015 15:38,udic2-109,C,110,150,10YR,4,4,no,no,,,,si,nodulos,debiles,comunes,medios,no,,bloques,mojado,64482,,no,,64652
01/06/2015 16:07,6udic2,A,0,17,10YR,2,1,no,no,,,,no,,,,,no,,granular,seco,64676,,no,,
01/06/2015 16:08,6udic2,AB,17,30,10YR,2,2,no,no,,,,no,,,,,no,,bloques,fresco,,,no,,
01/06/2015 16:09,6udic2,Bt,30,75,10YR,3,3,no,si,comunes,finos,precisos,no,,,,,no,,bloques,humedo,64714,,si,,
01/06/2015 16:11,6udic2,BC,75,110,10YR,4,3,no,si,escasos,finos,precisos,si,nodulos,precisos,escasos,medios,no,,bloques,humedo,,,no,,
01/06/2015 16:12,6udic2,C,110,145,10YR,4,3,no,si,comunes,medios,precisos,si,nodulos,precisos,comunes,grandes,1,,masiva,mojado,64498,,no,,
03/11/2015 16:39,udic1-41,A,0,25,10YR,2,2,no,no,,,,no,,,,,2,,masiva,mojado,64718,,no,,
03/11/2015 16:41,udic1-41,Bt1,25,39,10YR,3,2,no,no,,,,no,,,,,1,,bloques,humedo,64313,,no,,
03/11/2015 16:43,udic1-41,Bt2,39,72,7.5YR,4,2,no,si,escasos,finos,debiles,no,,,,,no,,bloques,humedo,64313,,no,,
03/11/2015 16:45,udic1-41,Bt3,72,90,7.5YR,5,4,no,no,,,,no,,,,,no,,bloques,humedo,64313,,no,,
03/11/2015 16:47,udic1-41,BC,90,105,7.5YR,5,4,no,no,,,,no,,,,,no,,bloques,humedo,,,no,,
03/11/2015 16:48,udic1-41,C,105,148,7.5YR,4,4,no,no,,,,si,nodulos,debiles,escasos,medios,no,,masiva,mojado,64337,,no,,
04/01/2015 10:34,udic1-64,A,0,26,10YR,2,2,no,no,,,,no,,,,,1,,granular,humedo,64755,,no,,
04/01/2015 10:36,udic1-64,Bt1,26,54,7.5YR,3,2,no,si,comunes,finos,debiles,si,concreciones,precisos,comunes,finos,1,,bloques,mojado,64756,,no,,
04/01/2015 10:38,udic1-64,Bt2,54,100,7.5YR,3,2,no,si,comunes,finos,debiles,si,concreciones,precisos,comunes,finos,1,,bloques,mojado,64756,,si,,
04/01/2015 10:40,udic1-64,BC,100,120,7.5YR,5,4,no,no,,,,no,,,,,1,,bloques,humedo,,,no,,
04/01/2015 10:41,udic1-64,C,120,155,7.5YR,5,4,no,no,,,,si,nodulos,debiles,comunes,medios,no,,masiva,humedo,64319,,no,,
04/01/2015 10:50,udic1-77,AB,0,30,7.5YR,3,2,no,no,,,,no,,,,,2,,bloques,humedo,64788,friable,no,,
04/01/2015 10:53,udic1-77,Bt1,30,50,7.5YR,3,2,no,no,,,,no,,,,,2,,bloques,,64525,,no,,
04/01/2015 10:56,udic1-77,Bt2,50,75,7.5YR,3,2,no,si,escasos,finos,debiles,no,,,,,2,,bloques,,64525,,no,,
04/01/2015 10:57,udic1-77,BC1,75,104,7.5YR,4,4,no,no,,,,no,,,,,2,,bloques,,,,no,,
04/01/2015 10:59,udic1-77,BC2,104,128,7.5YR,4,4,no,no,,,,si,nodulos,debiles,escasos,medios,1,,bloques,,,,,,
04/01/2015 11:01,udic1-77,C,128,175,7.5YR,4,4,no,no,,,,si,nodulos,debiles,escasos,medios,no,,masiva,,64745,,no,,
04/01/2015 11:11,udic1-51,A,0,20,10YR,2,2,no,no,,,,no,,,,,1,,granular,fresco,64908,,no,,
04/01/2015 11:12,udic1-51,AB,20,30,10YR,2,2,no,no,,,,no,,,,,1,,bloques,fresco,,,no,,
04/01/2015 11:13,udic1-51,Bt1,30,51,7.5YR,3,2,no,no,,,,no,,,,,1,,bloques,fresco,64543,,no,,
04/01/2015 11:15,udic1-51,Bt2,51,79,7.5YR,4,4,no,no,,,,no,,,,,1,,bloques,fresco,64543,,si,,
04/01/2015 11:16,udic1-51,BC1,79,100,7.5YR,4,4,no,no,,,,no,,,,,no,,bloques,fresco,,,no,,
04/01/2015 11:16,udic1-51,BC2,100,125,7.5YR,4,4,no,no,,,,no,,,,,no,,bloques,fresco,,,no,,
04/01/2015 11:17,udic1-51,C,125,155,7.5YR,4,4,no,no,,,,no,,,,,no,,masiva,fresco,64940,,no,,
04/01/2015 11:29,udic2-102,A1,0,24,10YR,2,2,no,no,,,,no,,,,,3,,granular,humedo,64561,,no,,64662
04/01/2015 11:30,udic2-102,A2,24,38,10YR,2,2,no,no,,,,no,,,,,2,,bloques,humedo,64561,,no,,64662
04/01/2015 11:32,udic2-102,Bt1,38,65,7.5YR,3,2,no,si,escasos,finos,debiles,no,,,,,1,,bloques,humedo,64553,,no,,64599
04/01/2015 11:34,udic2-102,Bt2,65,90,7.5YR,4,2,no,si,comunes,finos,precisos,si,concreciones,debiles,comunes,finos,1,,bloques,humedo,64553,,no,,64599
04/01/2015 11:35,udic2-102,Bt3,90,106,7.5YR,4,4,no,si,escasos,finos,debiles,no,,,,,1,,bloques,humedo,64553,,no,,64599
04/01/2015 11:35,udic2-102,BC1,106,134,7.5YR,5,4,no,no,,,,no,,,,,no,,bloques,humedo,,,no,,
04/01/2015 11:36,udic2-102,BC2,134,155,7.5YR,5,4,no,no,,,,no,,,,,no,,bloques,humedo,,,no,,
04/01/2015 11:38,udic2-102,C,155,185,7.5YR,5,4,no,no,,,,no,,,,,no,,masiva,humedo,64950,,no,,64632
04/01/2015 11:49,udic1-38,A,0,20,10YR,3,2,no,no,,,,no,,,,,1,,granular,humedo,64373,,no,,
04/01/2015 11:50,udic1-38,Bt1,20,48,7.5YR,4,4,no,no,,,,no,,,,,no,,bloques,humedo,64819,,no,,
04/01/2015 11:51,udic1-38,Bt2,48,72,7.5YR,4,4,no,no,,,,no,,,,,no,,bloques,humedo,64819,,si,,
04/01/2015 11:52,udic1-38,BC,72,109,7.5YR,5,4,no,no,,,,no,,,,,no,,bloques,humedo,,,no,,
04/01/2015 11:53,udic1-38,C,109,150,7.5YR,4,4,no,no,,,,no,,,,,no,,masiva,humedo,65001,,no,,
04/01/2015 12:07,udic1-37,A,0,22,10YR,2,2,no,no,,,,no,,,,,1,,granular,fresco,64933,,no,,
04/01/2015 12:08,udic1-37,BA,22,34,7.5YR,3,2,no,no,,,,no,,,,,no,,bloques,fresco,,,no,,
04/01/2015 12:10,udic1-37,Bt1,34,51,7.5YR,3,2,no,no,,,,no,,,,,no,,bloques,fresco,64758,ch de MO d-e-m,si,,
04/01/2015 12:11,udic1-37,Bt2,51,91,7.5YR,4,2,no,si,escasos,finos,debiles,si,concreciones,debiles,comunes,finos,no,,bloques,fresco,64758,ch de MO d-e-m,si,,
04/01/2015 12:14,udic1-37,BC,90,125,7.5YR,5,4,no,si,escasos,finos,precisos,si,nodulos; concreciones,debiles,comunes,medios,no,,bloques,humedo,,,no,,
04/01/2015 12:15,udic1-37,C,125,155,7.5YR,5,4,no,no,,,,si,nodulos,precisos,comunes,medios,no,,masiva,humedo,64309,,no,,
04/01/2015 12:25,acuic2-8,E,0,20,10YR,4,2,no,no,,,,no,,,,,3,,bloques,humedo,64625,,no,,64972
04/01/2015 12:28,acuic2-8,Bt1,20,40,10YR,4,2,2,si,abundantes,finos,precisos,si,concreciones,precisos,abundantes,finos,2,,bloques,humedo,65030,,no,n,64239
04/01/2015 13:34,acuic2-8,Bt2,40,75,7.5YR,5,4,2,si,abundantes,finos,precisos,si,nodulos; concreciones,precisos,comunes,finos,1,,bloques,humedo,65030,,no,n,64239
04/01/2015 13:36,acuic2-8,BC,75,110,7.5YR,5,4,1,si,comunes,medios,precisos,si,concreciones,precisos,comunes,medios,no,,bloques,humedo,,,no,n,
04/01/2015 13:38,acuic2-8,C,110,150,7.5YR,4,4,no,si,escasos,medios,precisos,si,concreciones,precisos,escasos,medios,no,,masiva,mojado,64833,,no,,64990
04/01/2015 13:45,udic1-49,A,0,18,10YR,2,1,no,no,,,,no,,,,,3,,granular,fresco,64387,,no,,
04/01/2015 13:46,udic1-49,AB,18,25,10YR,2,2,no,no,,,,no,,,,,3,,bloques,fresco,,,no,,
04/01/2015 13:47,udic1-49,Bt1,25,58,7.5YR,3,2,no,no,,,,no,,,,,1,,bloques,fresco,64623,,no,,
04/01/2015 13:48,udic1-49,Bt2,58,95,7.5YR,4,2,no,si,escasos,finos,debiles,no,,,,,1,,bloques,fresco,64623,,si,,
04/01/2015 13:51,udic1-49,BC,95,140,7.5YR,4,6,no,no,,,,no,,,,,no,,bloques,fresco,,,no,,
04/01/2015 13:53,udic1-49,C,140,180,7.5YR,5,4,3,no,,,,si,diseminado; nodulos,precisos,comunes,medios,no,,masiva,fresco,64713,,no,,
04/01/2015 14:01,udic1-46,A,0,26,10YR,2,2,no,no,,,,no,,,,,no,,granular,humedo,64711,,no,,
04/01/2015 14:03,udic1-46,AB,26,35,10YR,3,2,no,no,,,,no,,,,,no,,bloques,humedo,,,no,,
04/01/2015 14:04,udic1-46,Bt1,35,67,7.5YR,3,2,no,si,comunes,finos,precisos,si,concreciones,precisos,comunes,finos,no,,bloques,humedo,64272,,no,,
04/01/2015 14:05,udic1-46,Bt2,67,83,7.5YR,4,2,no,si,comunes,finos,precisos,si,concreciones,precisos,escasos,finos,no,,bloques,humedo,64272,,no,,
04/01/2015 14:08,udic1-46,Bt3,83,110,7.5YR,4,2,no,no,,,,no,,,,,no,,bloques,humedo,64272,,no,,
04/01/2015 14:08,udic1-46,BC,110,160,7.5YR,4,6,no,no,,,,no,,,,,no,,bloques,humedo,,,no,,
04/01/2015 14:11,udic1-46,C,160,200,7.5YR,5,4,2,no,,,,si,nodulos,sobresalientes,comunes,grandes,no,,masiva,mojado,64332,,no,k,
04/10/2015 10:53,acuic1-2,A,0,20,10YR,2,2,no,no,,,,no,,,,,3,,granular,humedo,64277,,no,,
04/10/2015 10:53,acuic1-2,AB,20,30,10YR,2,1,no,no,,,,no,,,,,2,,bloques,humedo,,,no,,
04/10/2015 10:55,acuic1-2,Bt1,30,52,7.5YR,3,2,no,si,escasos,finos,debiles,no,,,,,2,,bloques,humedo,64723,,no,,
04/10/2015 10:57,acuic1-2,Bt2,52,70,7.5YR,4,2,1,si,comunes,finos,debiles,si,nodulos; concreciones,debiles,escasos,finos,1,,bloques,humedo,64723,,no,,
04/10/2015 11:00,acuic1-2,Bt3,70,82,7.5YR,4,4,1,si,comunes,finos,debiles,si,nodulos; concreciones,debiles,escasos,finos,no,,bloques,humedo,64723,,no,,
04/10/2015 11:04,acuic1-2,BC,82,120,7.5YR,5,4,2,si,comunes,finos,precisos,si,nodulos; concreciones,precisos,escasos,finos,no,,bloques,mojado,,nodulos CO3 grandes,no,k,
04/10/2015 11:06,acuic1-2,C,120,150,7.5YR,5,4,3,no,,,,si,diseminado; nodulos,precisos,comunes,grandes,no,,masiva,mojado,64763,,no,k,
04/10/2015 11:30,2udic2,C1,0,50,10YR,2,2,no,no,,,,no,,,,,1,,masiva,fresco,65027,,no,,
04/10/2015 11:34,2udic2,Bt,50,80,7.5YR,4,2,no,si,escasos,finos,precisos,no,,,,,no,,bloques,fresco,64923,,si,,
04/10/2015 11:35,2udic2,BC,80,115,7.5YR,4,4,no,si,comunes,finos,debiles,no,,,,,no,,bloques,humedo,,,no,,
04/10/2015 11:37,2udic2,C,115,165,7.5YR,4,4,no,si,comunes,medios,precisos,si,nodulos,debiles,comunes,grandes,no,,masiva,humedo,64454,,no,,
04/10/2015 11:55,udic1-43,B/A,0,12,7.5YR,3,2,no,no,,,,no,,,,,no,,bloques,fresco,,La severa erosión y el intenso  laboreo parecen haber erosionado completamente el horizonte A ,no,Ap,
04/10/2015 11:57,udic1-43,Bt1,12,37,7.5YR,3,2,no,si,escasos,finos,debiles,no,,,,,no,,bloques,fresco,64993,,si,,
04/10/2015 11:58,udic1-43,Bt2,37,60,7.5YR,4,2,no,no,,,,no,,,,,no,,bloques,fresco,64993,Ch de MO p-c-g,si,,
04/10/2015 12:00,udic1-43,BC,60,95,7.5YR,5,4,no,no,,,,no,,,,,no,,bloques,fresco,,,no,,
04/10/2015 12:02,udic1-43,C,95,132,7.5YR,4,4,no,no,,,,no,,,,,no,,bloques,humedo,64392,,no,,
04/10/2015 12:04,udic1-43,2Ck,132,150,7.5YR,5,4,3,no,,,,si,diseminado; nodulos,sobresalientes,comunes,grandes,no,,bloques,humedo,64481,coexisten nodulos de CO3 y sin CO3,no,,
04/10/2015 15:38,udic1-32,A,0,21,10YR,2,1,no,no,,,,no,,,,,2,,granular,mojado,65018,,no,,64247
04/10/2015 15:40,udic1-32,BAt,21,31,10YR,2,2,no,si,comunes,finos,debiles,no,,,,,1,,bloques,humedo,,,no,,
04/10/2015 15:42,udic1-32,Bt1,31,55,7.5YR,3,2,no,si,abundantes,finos,precisos,si,concreciones,debiles,escasos,finos,1,,bloques,humedo,64934,,si,,64426
04/10/2015 15:46,udic1-32,Bt2,55,85,7.5YR,4,2,no,si,comunes,finos,precisos,si,concreciones,debiles,escasos,finos,1,,bloques,humedo,64934,,si,,64426
04/10/2015 15:48,udic1-32,BC,85,120,7.5YR,5,4,no,si,escasos,finos,debiles,no,,,,,no,,bloques,humedo,,,no,,
04/10/2015 15:49,udic1-32,C,120,160,7.5YR,5,4,no,no,,,,no,,,,,no,,masiva,humedo,64785,,no,,64591
04/10/2015 16:19,acuic2-7,BA,0,15,7.5YR,3,2,no,no,,,,no,,,,,2,,bloques,humedo,64458,,no,,
04/10/2015 16:20,acuic2-7,Bt,15,35,7.5YR,4,4,no,si,escasos,finos,debiles,no,,,,,1,,bloques,humedo,64566,,no,,
04/10/2015 16:21,acuic2-7,BC,35,75,7.5YR,4,4,no,no,,,,no,,,,,1,,masiva,humedo,,,no,,
04/10/2015 16:24,acuic2-7,Ck,75,100,7.5YR,6,4,3,no,,,,si,diseminado; masa; nodulos,sobresalientes,comunes,grandes,1,,masiva,humedo,64580,se observan también nodulos sin CaCO3,no,,
04/10/2015 16:29,acuic2-7,Ckm,100,120,7.5YR,4,4,2,si,comunes,medios,precisos,si,nodulos,debiles,abundantes,medios,no,,,humedo,64580,se observan nodulos con y sin CaCO3,no,,
4/13/2015 15:56:32,udic1-30,A,0,28,10YR,2,2,no,no,,,,no,,,,,3,,bloques,fresco,64470,,no,,
4/13/2015 15:57:38,udic1-30,AB,28,40,10YR,2,1,no,no,,,,no,,,,,1,,bloques,fresco,,,no,,
4/13/2015 15:59:00,udic1-30,Bt1,40,65,7.5YR,3,2,no,no,,,,no,,,,,1,,bloques,fresco,64287,Ch MO p-c-m,si,,
4/13/2015 16:00:14,udic1-30,Bt2,65,85,7.5YR,4,4,no,no,,,,no,,,,,1,,bloques,fresco,64287,Ch MO p-c-f,si,,
4/13/2015 16:01:09,udic1-30,BC,85,115,7.5YR,5,4,no,no,,,,no,,,,,no,,bloques,fresco,,Ch MO p-c-f,si,,
4/13/2015 16:02:38,udic1-30,C,115,150,7.5YR,5,4,no,no,,,,si,nodulos,debiles,comunes,grandes,no,,masiva,fresco,64281,,no,,
05/01/2015 11:18,udic1-65,A,0,21,10YR,2,1,no,no,,,,no,,,,,1,,granular,fresco,64682,,no,,
05/01/2015 11:19,udic1-65,AB,21,30,10YR,2,2,no,no,,,,no,,,,,no,,bloques,fresco,,,no,,
05/01/2015 11:20,udic1-65,Bt1,30,55,7.5YR,3,2,no,si,escasos,finos,debiles,no,,,,,no,,bloques,fresco,64997,,si,,
05/01/2015 11:22,udic1-65,Bt2,55,76,7.5YR,4,2,no,si,escasos,finos,precisos,si,concreciones,precisos,escasos,finos,no,,bloques,fresco,64997,,no,,
05/01/2015 11:25,udic1-65,BC,76,115,7.5YR,5,4,no,si,comunes,finos,precisos,si,nodulos; concreciones,precisos,escasos,finos,no,,bloques,fresco,,nodulos sin cartobatos d-c-g,no,,
05/01/2015 11:27,udic1-65,2C,115,150,7.5YR,4,2,no,si,escasos,finos,debiles,no,,,,,no,,bloques,fresco,64552,,no,,
05/01/2015 11:29,udic1-65,C,,,,,,,,,,,,,,,,,,,,64929,C del segundo pozo,,,
05/01/2015 11:36,udic1-42,A,0,20,10YR,2,2,no,no,,,,no,,,,,2,,granular,humedo,64905,,no,,
05/01/2015 11:37,udic1-42,AB,20,35,10YR,2,2,no,no,,,,no,,,,,1,,bloques,humedo,,,no,,
05/01/2015 11:38,udic1-42,Bt1,35,63,7.5YR,4,2,no,si,comunes,finos,precisos,si,concreciones,precisos,escasos,finos,no,,bloques,humedo,64581,,si,,
05/01/2015 11:40,udic1-42,Bt2,63,91,7.5YR,4,2,no,si,escasos,finos,precisos,si,concreciones,precisos,escasos,finos,no,,bloques,humedo,64581,,no,,
05/01/2015 11:41,udic1-42,BC,91,137,7.5YR,5,4,no,no,,,,si,nodulos,debiles,comunes,grandes,no,,bloques,fresco,,,no,,
05/01/2015 11:42,udic1-42,C,137,176,7.5YR,5,4,no,no,,,,si,nodulos,debiles,escasos,grandes,no,,masiva,fresco,64292,,no,,
05/01/2015 11:49,udic1-39,A,0,15,10YR,2,1,no,no,,,,no,,,,,1,,bloques,humedo,64853,,no,,
05/01/2015 11:50,udic1-39,AB,15,25,10YR,2,2,no,no,,,,no,,,,,no,,bloques,humedo,,,no,,
05/01/2015 11:51,udic1-39,Bt1,25,50,7.5YR,3,2,no,no,,,,no,,,,,no,,bloques,humedo,64439,,si,,
05/01/2015 11:52,udic1-39,Bt2,50,85,7.5YR,4,2,no,no,,,,no,,,,,1,,bloques,humedo,64439,,no,,
05/01/2015 11:53,udic1-39,BC,85,120,7.5YR,4,4,no,no,,,,no,,,,,no,,bloques,humedo,,,no,,
05/01/2015 11:54,udic1-39,C,120,150,7.5YR,4,4,no,no,,,,si,nodulos,debiles,comunes,medios,no,,masiva,humedo,64891,,no,,
05/04/2015 13:28,acuic3-10,A,0,15,7.5YR,3,2,no,no,,,,no,,,,,1,,granular,fresco,64527,,no,,
05/04/2015 13:29,acuic3-10,AB,15,22,7.5YR,3,2,no,no,,,,no,,,,,no,,bloques,fresco,,,no,,
05/04/2015 13:30,acuic3-10,Bt1,22,60,7.5YR,4,2,no,si,escasos,finos,debiles,si,concreciones,debiles,escasos,finos,no,,bloques,fresco,64502,,si,,
05/04/2015 13:32,acuic3-10,Bt2,60,95,7.5YR,4,4,no,si,escasos,finos,debiles,si,concreciones,debiles,escasos,finos,no,,bloques,fresco,64502,,no,,
05/04/2015 13:33,acuic3-10,BC,95,140,7.5YR,4,4,no,no,,,,no,,,,,no,,bloques,fresco,,,no,,
05/04/2015 13:36,acuic3-10,Ck,140,170,7.5YR,4,4,3,no,,,,si,masa; nodulos,precisos,comunes,medios,no,,,fresco,64557,,no,,
05/04/2015 13:46,udic1-75,A,0,17,10YR,3,2,no,no,,,,no,,,,,1,,laminar,,64397,,no,,
05/04/2015 13:49,udic1-75,BA,17,30,7.5YR,4,2,no,no,,,,no,,,,,no,,bloques,,,,no,,
05/04/2015 13:50,udic1-75,Bt1,30,60,7.5YR,4,2,no,si,comunes,finos,precisos,no,,,,,no,,bloques,,64863,,si,,
05/04/2015 13:51,udic1-75,Bt2,60,85,7.5YR,5,4,no,no,,,,no,,,,,no,,bloques,,64863,,no,,
05/04/2015 13:53,udic1-75,BC,85,125,7.5YR,5,4,no,no,,,,si,nodulos,debiles,escasos,medios,no,,bloques,,,,no,,
05/04/2015 13:54,udic1-75,C,125,185,7.5YR,4,4,,no,,,,no,,,,,no,,masiva,,64232,,no,,
05/04/2015 13:55,udic1-75,Ck,185,210,7.5YR,5,4,,no,,,,si,diseminado; nodulos,,,,no,,masiva,,64921,,no,,
05/04/2015 14:04,acuic3-11,E,0,20,10YR,4,1,1,si,comunes,medios,debiles,si,masa,,,,3,,masiva,mojado,64559,,no,n,
05/04/2015 14:07,acuic3-11,Bt1,20,32,10YR,3,2,1,si,comunes,medios,precisos,si,nodulos; concreciones,precisos,comunes,finos,1,,columnar,mojado,65000,Estructura se presume columnar,no,n; k,
05/04/2015 14:09,acuic3-11,Bt2,32,50,7.5YR,4,2,1,si,comunes,finos,precisos,si,nodulos,precisos,comunes,finos,no,,bloques,mojado,65000,,no,n; k,
05/04/2015 14:11,acuic3-11,Bt3,5,4,7.5YR,5,4,1,no,,,,si,nodulos,precisos,escasos,finos,no,,bloques,mojado,65000,,no,n; k,
05/04/2015 14:13,acuic3-11,BC,75,105,7.5YR,5,4,1,no,,,,si,nodulos; concreciones,precisos,escasos,finos,no,,bloques,mojado,,,no,n; k,
05/04/2015 14:15,acuic3-11,C,105,145,7.5YR,4,4,no,si,comunes,medios,precisos,si,nodulos,debiles,escasos,medios,no,,masiva,mojado,64378,nodulos sin CaCO3,no,,
05/06/2015 14:06,udic1-53,A,0,25,10YR,2,2,no,no,,,,no,,,,,2,,granular,humedo,64872,,no,,
05/06/2015 14:07,udic1-53,BA,25,35,7.5YR,3,2,no,no,,,,no,,,,,no,,bloques,humedo,,,no,,
05/06/2015 14:09,udic1-53,Bt1,35,75,7.5YR,4,2,no,si,escasos,finos,debiles,no,,,,,no,,bloques,humedo,64596,,no,,
05/06/2015 14:10,udic1-53,Bt2,75,90,7.5YR,4,2,no,no,,,,no,,,,,no,,bloques,humedo,64596,,no,,
05/06/2015 14:11,udic1-53,BC,90,105,7.5YR,4,2,no,si,escasos,finos,precisos,si,nodulos,debiles,escasos,medios,no,,bloques,mojado,,,no,,
05/06/2015 14:13,udic1-53,C,105,165,7.5YR,4,2,no,no,,,,si,nodulos,debiles,abundantes,grandes,no,,masiva,mojado,64352,,no,,
05/06/2015 14:20,2udic1,A,0,20,10YR,2,2,no,no,,,,no,,,,,1,,granular,humedo,64719,,no,,
05/06/2015 14:21,2udic1,BA,20,30,7.5YR,3,2,no,no,,,,no,,,,,1,,bloques,humedo,,,no,,
05/06/2015 14:23,2udic1,Bt1,30,75,7.5YR,4,2,no,si,comunes,finos,debiles,no,,,,,1,,bloques,humedo,64888,,no,,
05/06/2015 14:32,2udic1,Bt2,75,95,7.5YR,4,4,no,no,,,,no,,,,,no,,bloques,humedo,64888,,no,,
05/06/2015 14:33,2udic1,BC,95,130,7.5YR,4,4,no,no,,,,si,nodulos,debiles,escasos,medios,no,,bloques,humedo,,,no,,
05/06/2015 14:35,2udic1,C,130,160,7.5YR,4,6,no,no,,,,si,nodulos,debiles,escasos,medios,no,,masiva,humedo,64245,,no,,
05/06/2015 14:50,co1-19,A,0,8,10YR,3,2,no,no,,,,no,,,,,3,,masiva,humedo,64452,,no,n,
05/06/2015 14:55,co1-19,AC,8,20,10YR,4,2,2,no,,,,si,diseminado,,,,2,,masiva,humedo,64738,,no,n; k,
05/06/2015 15:01,co1-19,2ABk,20,45,10YR,3,1,3,no,,,,si,diseminado,,,,1,,bloques,humedo,64661,,no,n,
05/06/2015 15:03,co1-19,2Btk,45,65,10YR,4,1,3,,,,,si,diseminado,,,,1,,bloques,mojado,64308,,no,k,
05/06/2015 15:07,co1-19,2BCk,65,80,10YR,5,1,3,,,,,si,diseminado,,,,2,,bloques,,64913,,no,n,
05/06/2015 15:10,co1-19,2Ck,80,110,10YR,6,2,3,,,,,si,diseminado,,,,1,,masiva,mojado,64240,,no,n,
05/06/2015 15:12,co1-19,3BCk,110,145,5Y,5,2,3,,,,,si,diseminado,,,,1,,bloques,mojado,64251,,no,n,
05/06/2015 15:14,co1-19,3Ck1,145,180,5Y,6,3,3,,,,,si,diseminado; nodulos,,,,1,,masiva,mojado,64563,,no,n,
05/06/2015 15:17,co1-19,3Ck2,180,200,5Y,6,2,3,,,,,si,diseminado; masa,,,,2,,masiva,mojado,64983,El color (hue) es más azulado que el que aparece en la tabla Munsell.,no,n,
05/06/2015 15:19,co1-19,3Ckm,200,210,5Y,6,1,3,si,,,,si,diseminado,,,,no,,masiva,mojado,64790,El color (hue) es más azulado que el que aparece en la tabla Munsell.,no,n,
05/07/2015 10:18,udic1-78,A,0,18,10YR,2,2,no,no,,,,no,,,,,1,,bloques,,64669,,no,,64560
05/07/2015 10:18,udic1-78,AB,18,28,10YR,2,2,no,no,,,,no,,,,,no,,bloques,,,,no,,
05/07/2015 10:19,udic1-78,Bt1,28,55,7.5YR,3,2,no,no,,,,no,,,,,no,,bloques,,64597,,no,,64493
05/07/2015 10:20,udic1-78,Bt2,55,82,7.5YR,4,4,no,no,,,,no,,,,,no,,bloques,,64597,,no,,64493
05/07/2015 10:21,udic1-78,BC,82,120,7.5YR,4,4,no,no,,,,no,,,,,no,,masiva,,,,no,,
05/07/2015 10:23,udic1-78,C,120,152,7.5YR,5,4,no,no,,,,no,,,,,no,,masiva,,64877,,no,,64298
05/07/2015 11:50,udic1-36,A,0,15,10YR,2,2,no,no,,,,no,,,,,1,,bloques,fresco,64917,,no,,
05/07/2015 11:52,udic1-36,AB,15,24,7.5YR,3,2,no,no,,,,no,,,,,no,,bloques,fresco,,,no,,
05/07/2015 11:53,udic1-36,Bt1,24,54,7.5YR,4,2,no,no,,,,no,,,,,no,,bloques,fresco,65037,,no,,
05/07/2015 11:55,udic1-36,Bt2,54,78,7.5YR,4,4,no,no,,,,no,,,,,no,,bloques,fresco,65037,,no,,
05/07/2015 11:56,udic1-36,BC,78,120,7.5YR,3,4,no,no,,,,si,nodulos,debiles,escasos,medios,no,,bloques,fresco,,,no,,
05/07/2015 11:57,udic1-36,C,120,150,7.5YR,3,4,no,no,,,,si,nodulos,debiles,comunes,medios,no,,masiva,fresco,64953,,no,,
05/07/2015 12:25,udic2-94,A,0,23,10YR,2,1,no,no,,,,no,,,,,1,,granular,fresco,64705,,no,,
05/07/2015 12:26,udic2-94,BA,23,31,7.5YR,3,2,no,no,,,,no,,,,,no,,bloques,,,,no,,
05/07/2015 12:27,udic2-94,Bt1,31,75,7.5YR,3,2,no,no,,,,no,,,,,no,,bloques,,64357,,no,,
05/07/2015 12:28,udic2-94,Bt2,75,90,7.5YR,4,2,no,no,,,,no,,,,,no,,bloques,,64357,,no,,
05/07/2015 12:28,udic2-94,BC,90,115,7.5YR,4,4,no,no,,,,no,,,,,no,,bloques,,,,no,,
05/07/2015 12:30,udic2-94,C,115,150,7.5YR,4,4,no,no,,,,si,nodulos,debiles,comunes,medios,1,,masiva,,64720,,no,,
05/07/2015 14:43,udic2-106,A,0,20,10YR,2,1,no,no,,,,no,,,,,1,,bloques,fresco,64631,,no,,
05/07/2015 14:44,udic2-106,AB,20,30,7.5YR,3,2,no,no,,,,no,,,,,no,,bloques,fresco,,,no,,
05/07/2015 14:45,udic2-106,Bt1,30,60,7.5YR,3,2,no,no,,,,no,,,,,no,,bloques,fresco,64524,,no,,
05/07/2015 15:06,udic2-106,Bt2,60,78,7.5YR,3,4,no,no,,,,no,,,,,no,,bloques,fresco,64524,,no,,
05/07/2015 15:07,udic2-106,BC,78,120,7.5YR,3,4,no,no,,,,si,nodulos,debiles,escasos,medios,no,,bloques,humedo,,,no,,
05/07/2015 15:08,udic2-106,C,120,150,7.5YR,3,4,no,no,,,,si,nodulos,debiles,comunes,medios,no,,masiva,humedo,64827,,no,,
05/07/2015 15:37,1albic2,A,0,26,10YR,3,2,no,no,,,,no,,,,,1,,granular,fresco,64285,,no,,64937
05/07/2015 15:39,1albic2,E,26,37,7.5YR,3,2,no,no,,,,no,,,,,no,,masiva,humedo,,,no,AB,
05/07/2015 15:45,1albic2,Bt,37,69,7.5YR,3,2,no,si,comunes,finos,precisos,si,concreciones,precisos,escasos,finos,no,,bloques,fresco,64831,,no,,64434
05/07/2015 15:46,1albic2,BC,69,110,7.5YR,4,4,no,no,,,,no,,,,,no,,bloques,humedo,,,no,,
05/07/2015 15:47,1albic2,C,110,150,7.5YR,5,4,no,no,,,,si,nodulos,debiles,escasos,medios,no,,masiva,humedo,64690,,no,,64507
05/07/2015 16:03,udic1-28,A,0,20,10YR,2,2,no,no,,,,no,,,,,3,,granular,fresco,64634,,no,,
05/07/2015 16:04,udic1-28,BA,20,30,7.5YR,3,2,no,no,,,,no,,,,,2,,bloques,humedo,,,no,,
05/07/2015 16:05,udic1-28,Bt1,30,65,7.5YR,3,4,no,no,,,,no,,,,,1,,bloques,humedo,64753,,no,,
05/07/2015 16:06,udic1-28,Bt2,65,80,7.5YR,4,2,no,no,,,,no,,,,,1,,bloques,humedo,64753,,no,,
05/07/2015 16:07,udic1-28,BC,80,100,7.5YR,4,2,no,no,,,,no,,,,,1,,bloques,humedo,,,no,,
05/07/2015 16:09,udic1-28,C,100,150,7.5YR,4,4,no,no,,,,si,nodulos,debiles,escasos,medios,2,,masiva,mojado,64739,,no,,
05/10/2015 16:11,udic1-59,A,0,16,10YR,2,2,no,no,,,,no,,,,,no,,granular,fresco,64306,,no,,
05/10/2015 16:12,udic1-59,AB,16,25,7.5YR,3,2,no,no,,,,no,,,,,no,,bloques,humedo,,,no,,
05/10/2015 16:13,udic1-59,Bt1,25,55,7.5YR,3,2,no,no,,,,no,,,,,no,,bloques,humedo,65038,,no,,
05/10/2015 16:14,udic1-59,Bt2,55,70,7.5YR,4,2,no,no,,,,no,,,,,no,,bloques,humedo,65038,,no,,
05/10/2015 16:15,udic1-59,BC,70,130,7.5YR,4,4,no,si,comunes,finos,precisos,si,nodulos,debiles,comunes,medios,no,,bloques,mojado,,,no,,
05/10/2015 16:16,udic1-59,C,130,200,7.5YR,4,4,no,no,,,,si,nodulos,debiles,abundantes,medios,no,,masiva,mojado,64399,,no,,
05/10/2015 16:28,udic2-100,A,0,32,10YR,2,2,no,no,,,,no,,,,,1,,granular,fresco,64812,,no,,
05/10/2015 16:29,udic2-100,AB,32,45,7.5YR,4,2,no,no,,,,no,,,,,1,,masiva,mojado,,,no,,
05/10/2015 16:31,udic2-100,Bt1,45,65,7.5YR,4,2,no,si,comunes,finos,precisos,no,,,,,1,,bloques,humedo,64479,,no,,
05/10/2015 16:35,udic2-100,Bt2,65,89,7.5YR,4,4,no,si,abundantes,finos,precisos,si,concreciones,precisos,escasos,finos,1,,bloques,humedo,64479,,no,,
05/10/2015 16:37,udic2-100,BC,89,115,7.5YR,4,6,no,si,comunes,finos,precisos,si,nodulos,debiles,escasos,medios,1,,bloques,mojado,,,no,,
05/10/2015 16:38,udic2-100,C,115,150,7.5YR,4,2,no,no,,,,si,nodulos,precisos,comunes,medios,1,,masiva,mojado,64480,,no,,
05/10/2015 16:53,udic2-105,a,0,28,10YR,2,2,no,no,,,,no,,,,,2,,granular,,64971,,no,,
05/10/2015 16:54,udic2-105,BA,28,40,10YR,3,2,no,no,,,,no,,,,,1,,bloques,,,,no,,
05/10/2015 16:56,udic2-105,Bt,40,75,7.5YR,3,4,no,si,escasos,finos,debiles,no,,,,,1,,bloques,,64469,,no,,
05/10/2015 16:57,udic2-105,BC,75,105,7.5YR,4,2,no,no,,,,no,,,,,1,,bloques,,,,no,,
05/10/2015 16:58,udic2-105,C,105,150,7.5YR,4,4,no,no,,,,no,,,,,1,,masiva,,64512,,no,,
05/10/2015 17:08,albic2-14,A,0,20,10YR,2,2,no,no,,,,no,,,,,1,,laminar,fresco,64276,,no,,
05/10/2015 17:09,albic2-14,AB,20,28,10YR,4,2,no,no,,,,no,,,,,no,,bloques,fresco,,,no,,
05/10/2015 17:10,albic2-14,Bt1,28,48,5YR,4,3,no,si,escasos,finos,debiles,no,,,,,no,,bloques,fresco,64254,,no,,
05/10/2015 17:11,albic2-14,Bt2,48,62,5YR,4,4,no,si,escasos,finos,debiles,no,,,,,no,,bloques,fresco,64254,,no,,
05/10/2015 17:13,albic2-14,BCk,62,80,5YR,4,3,3,no,,,,si,nodulos,precisos,abundantes,medios,no,,bloques,fresco,,,no,,
05/10/2015 17:14,albic2-14,Cm,80,100,5YR,4,3,1,no,,,,no,,,,,no,,masiva,fresco,64895,,no,,
05/10/2015 17:25,udic3-119,A,0,23,10YR,2,1,no,no,,,,no,,,,,2,,bloques,fresco,64931,,no,,64312
05/10/2015 17:26,udic3-119,BA,23,32,10YR,2,2,no,no,,,,no,,,,,1,,bloques,humedo,,,no,,
05/10/2015 17:27,udic3-119,Bt1,32,60,7.5YR,3,2,no,si,comunes,finos,precisos,si,concreciones,precisos,escasos,finos,1,,bloques,humedo,64850,,si,,64495
05/10/2015 17:29,udic3-119,Bt2,60,85,7.5YR,4,4,no,si,escasos,finos,debiles,si,concreciones,precisos,escasos,finos,1,,bloques,humedo,64850,,si,,64495
05/10/2015 17:29,udic3-119,BC,85,125,7.5YR,4,4,no,no,,,,si,nodulos,debiles,escasos,medios,no,,bloques,humedo,,,no,,
05/10/2015 17:31,udic3-119,C,125,162,7.5YR,4,4,no,no,,,,si,nodulos,debiles,comunes,medios,no,,bloques,mojado,64839,,no,,64966
05/10/2015 17:42,udic2-111,A,0,18,10YR,2,1,no,no,,,,no,,,,,1,,bloques,,64796,,no,,
05/10/2015 17:43,udic2-111,BA,18,25,10YR,2,2,no,no,,,,no,,,,,no,,bloques,,,,si,,
05/10/2015 17:43,udic2-111,Bt1,25,45,7.5YR,4,2,no,si,comunes,finos,precisos,no,,,,,no,,bloques,,64294,,no,,
05/10/2015 17:44,udic2-111,Bt2,45,60,7.5YR,4,4,no,si,comunes,finos,precisos,no,,,,,no,,bloques,,64294,,no,,
05/10/2015 17:45,udic2-111,Bt3,60,80,7.5YR,4,4,no,si,escasos,finos,precisos,no,,,,,no,,bloques,,64294,,no,,
05/10/2015 17:46,udic2-111,BC,80,110,7.5YR,5,4,no,no,,,,no,,,,,no,,bloques,,,,no,,
05/10/2015 17:47,udic2-111,C,110,150,7.5YR,4,4,no,no,,,,si,nodulos,debiles,escasos,medios,no,,masiva,,64438,,no,,
05/10/2015 17:54,udic2-110,A,0,18,10YR,2,1,no,no,,,,no,,,,,no,,laminar,fresco,64873,,no,,
05/10/2015 17:54,udic2-110,AB,18,27,7.5YR,3,2,no,no,,,,no,,,,,no,,bloques,fresco,,,no,,
05/10/2015 17:55,udic2-110,Bt1,27,50,7.5YR,4,2,no,si,escasos,finos,debiles,no,,,,,no,,bloques,fresco,64642,,no,,
05/10/2015 17:56,udic2-110,Bt2,50,70,7.5YR,4,4,no,si,escasos,finos,debiles,no,,,,,no,,bloques,humedo,64642,,no,,
05/10/2015 17:57,udic2-110,BC,70,105,7.5YR,5,4,no,no,,,,si,nodulos,precisos,abundantes,medios,no,,bloques,humedo,,,no,,
05/10/2015 17:59,udic2-110,C,105,150,7.5YR,4,4,2,no,,,,si,diseminado; concreciones,precisos,comunes,finos,no,,masiva,mojado,64700,,no,k,
05/10/2015 19:54,udic1-29,A,0,25,10YR,2,1,no,si,comunes,finos,debiles,no,,,,,3,,masiva,humedo,64273,,no,n,
05/10/2015 19:56,udic1-29,BA,25,40,5YR,3,2,no,si,comunes,finos,debiles,no,,,,,2,,masiva,mojado,,,no,n; E,
05/10/2015 19:57,udic1-29,Bt1,40,60,7.5YR,3,4,no,si,comunes,finos,precisos,si,concreciones,precisos,comunes,finos,no,,bloques,humedo,64886,,no,n,
05/10/2015 19:58,udic1-29,Bt2,60,90,7.5YR,3,4,no,si,comunes,medios,sobresalientes,si,concreciones,precisos,comunes,finos,no,,bloques,humedo,64886,,no,n,
05/10/2015 20:00,udic1-29,BC,90,150,7.5YR,4,4,no,si,abundantes,medios,precisos,si,nodulos; concreciones,precisos,comunes,finos,no,,bloques,mojado,,,no,,
05/10/2015 20:01,udic1-29,C,150,190,5YR,4,3,no,si,escasos,medios,precisos,si,nodulos,precisos,comunes,medios,no,,masiva,mojado,64803,,no,,
05/10/2015 20:12,udic1-44,A,0,18,10YR,3,2,no,no,,,,no,,,,,2,,granular,seco,64679,,no,,
05/10/2015 20:13,udic1-44,AB,18,27,10YR,3,2,no,si,escasos,finos,debiles,no,,,,,2,,bloques,seco,,,no,,
05/10/2015 20:14,udic1-44,Bt1,27,55,7.5YR,3,2,no,si,abundantes,finos,precisos,no,,,,,2,,bloques,fresco,64419,,no,,
05/10/2015 20:15,udic1-44,Bt1,55,70,7.5YR,4,4,no,si,abundantes,finos,precisos,si,nodulos; concreciones,precisos,escasos,medios,2,,bloques,humedo,64419,,no,,
05/10/2015 20:16,udic1-44,BC,70,105,7.5YR,5,4,no,si,comunes,medios,precisos,si,nodulos,precisos,comunes,medios,1,,masiva,mojado,,,no,,
05/10/2015 20:17,udic1-44,C,105,150,7.5YR,5,4,no,si,escasos,finos,debiles,si,nodulos,precisos,escasos,medios,no,,masiva,mojado,64367,,no,,
05/10/2015 20:25,udic1-63,A,0,18,10YR,2,2,no,no,,,,no,,,,,no,,laminar,seco,64501,,no,,
05/10/2015 20:25,udic1-63,AB,18,25,10YR,2,2,no,no,,,,no,,,,,no,,bloques,seco,,,no,,
05/10/2015 20:26,udic1-63,Bt1,25,43,7.5YR,3,2,no,no,,,,no,,,,,no,,bloques,fresco,64638,,no,,
05/10/2015 20:27,udic1-63,Bt2,43,60,7.5YR,4,4,no,si,abundantes,medios,precisos,si,nodulos; concreciones,precisos,comunes,medios,no,,bloques,humedo,64638,,no,,
05/10/2015 20:28,udic1-63,Bt3,60,80,7.5YR,4,4,no,si,abundantes,medios,sobresalientes,si,nodulos; concreciones,precisos,comunes,medios,no,,bloques,humedo,64638,,no,,
05/10/2015 20:30,udic1-63,BC,80,105,5YR,4,3,no,si,comunes,finos,debiles,si,nodulos,precisos,escasos,medios,no,,bloques,mojado,,,no,,
05/10/2015 20:31,udic1-63,C,105,150,5YR,4,3,no,no,,,,si,nodulos,precisos,abundantes,grandes,no,,masiva,mojado,64304,,no,,
05/10/2015 20:41,udic3-118,A,0,20,10YR,3,2,no,no,,,,no,,,,,1,,laminar,fresco,64420,,no,,
05/10/2015 20:42,udic3-118,BA,20,30,7.5YR,3,2,no,no,,,,no,,,,,no,,bloques,fresco,,,no,,
05/10/2015 20:42,udic3-118,Bt1,30,55,7.5YR,3,2,no,no,,,,no,,,,,no,,bloques,fresco,64556,,no,,
05/10/2015 20:43,udic3-118,Bt2,55,78,7.5YR,3,4,no,no,,,,no,,,,,no,,bloques,fresco,64556,,no,,
05/10/2015 20:44,udic3-118,BC,78,97,7.5YR,3,4,no,no,,,,no,,,,,no,,masiva,fresco,,,no,,
05/10/2015 20:45,udic3-118,2C,97,150,7.5YR,4,4,no,no,,,,si,nodulos,debiles,escasos,medios,no,,masiva,fresco,65009,,no,,
05/10/2015 20:55,5udic2,E,0,12,10YR,4,2,2,si,comunes,finos,precisos,no,,,,,3,,masiva,humedo,64751,,no,n; A,
05/10/2015 20:57,5udic2,AB,12,27,10YR,3,2,3,si,comunes,finos,precisos,no,,,,,3,,masiva,humedo,,,no,n,
05/10/2015 20:58,5udic2,Btn1,21,41,7.5YR,3,2,3,si,comunes,finos,precisos,si,concreciones,precisos,comunes,finos,2,,bloques,humedo,64947,,no,,
05/10/2015 20:59,5udic2,Btn2,41,55,7.5YR,4,2,2,si,abundantes,medios,precisos,si,masa; nodulos; concreciones,precisos,abundantes,finos,2,,bloques,humedo,64947,,no,,
05/10/2015 21:01,5udic2,Btn3,55,70,7.5YR,4,4,2,si,comunes,medios,precisos,si,nodulos; concreciones,precisos,comunes,medios,1,,bloques,humedo,64947,,no,k,
05/10/2015 21:02,5udic2,BC,70,100,7.5YR,4,4,1,no,,,,si,nodulos,precisos,abundantes,medios,1,,bloques,mojado,,,no,k,
05/10/2015 21:03,5udic2,C,100,150,7.5YR,4,2,1,no,,,,si,nodulos,debiles,abundantes,medios,no,,masiva,mojado,64717,,no,,
05/10/2015 22:10,udic2-95,A,0,11,10YR,2,1,no,no,,,,no,,,,,2,,laminar,fresco,64582,,no,,
05/10/2015 22:10,udic2-95,AB,11,20,10YR,2,1,no,no,,,,no,,,,,2,,bloques,fresco,,,no,,
05/10/2015 22:11,udic2-95,Bt1,20,47,7.5YR,3,2,no,no,,,,no,,,,,1,,bloques,fresco,64427,,no,,
05/10/2015 22:12,udic2-95,Bt2,47,75,7.5YR,3,4,no,si,escasos,finos,debiles,no,,,,,1,,bloques,fresco,64427,,no,,
05/10/2015 22:13,udic2-95,BC,75,110,7.5YR,4,2,no,no,,,,no,,,,,1,,bloques,fresco,,,no,,
05/10/2015 22:14,udic2-95,C,110,150,7.5YR,4,2,no,no,,,,no,,,,,no,,masiva,fresco,64605,,no,,
05/10/2015 22:27,3udic1,A,0,29,10YR,2,1,no,no,,,,no,,,,,1,,granular,humedo,64554,Franco arenoso,no,,
05/10/2015 22:28,3udic1,AC,29,57,10YR,3,3,no,no,,,,no,,,,,no,,masiva,mojado,,Franco arenoso,no,Bw,
05/10/2015 22:30,3udic1,2Bt,57,88,7.5YR,4,4,no,si,comunes,finos,precisos,no,,,,,no,,bloques,humedo,64385,Arcillo limoso,no,,
05/10/2015 22:31,3udic1,3C1,88,106,10YR,4,3,no,no,,,,no,,,,,no,,masiva,humedo,,Franco arenoso,no,3AB,
05/10/2015 22:32,3udic1,3C2,106,116,10YR,4,3,no,no,,,,no,,,,,no,,masiva,mojado,,franco arenoso,no,3Bw,
05/10/2015 22:34,3udic1,4C,116,133,7.5YR,4,2,no,no,,,,si,nodulos,precisos,comunes,medios,no,,bloques,mojado,,franco arcilloso,no,3C,
05/10/2015 22:35,3udic1,5C,133,190,10YR,4,3,no,no,,,,no,,,,,no,,masiva,mojado,64801,franco arenoso,no,4C,
05/11/2015 20:54,1udic1,A,0,20,10YR,2,1,no,no,,,,no,,,,,1,,granular,humedo,64328,,no,,64510
05/11/2015 20:55,1udic1,AB,20,30,10YR,2,2,no,no,,,,no,,,,,no,,bloques,humedo,,,no,,
05/11/2015 20:55,1udic1,Bt1,30,60,7.5YR,3,2,no,si,escasos,finos,debiles,no,,,,,no,,bloques,humedo,64991,,no,,64701
05/11/2015 20:56,1udic1,Bt2,60,85,7.5YR,3,4,no,no,,,,no,,,,,no,,bloques,humedo,64991,,no,,64701
05/11/2015 20:56,1udic1,BC,85,120,7.5YR,3,4,no,no,,,,no,,,,,no,,bloques,humedo,,,no,,
05/11/2015 20:58,1udic1,2C,120,150,7.5YR,3,4,no,no,,,,no,,,,,no,,masiva,humedo,64968,,no,,64807
05/11/2015 21:10,1co3,A,0,21,10YR,2,1,no,no,,,,no,,,,,no,,granular,humedo,64814,franco arenoso,no,,
05/11/2015 21:12,1co3,E,21,47,10YR,2,2,no,no,,,,no,,,,,no,,masiva,mojado,,franco arenoso,no,AC,
05/11/2015 21:14,1co3,Btk,47,70,7.5YR,3,2,2,no,,,,si,masa; nodulos,precisos,comunes,medios,no,,bloques,humedo,64278,Arcillo limoso,no,2Btk,
05/11/2015 21:16,1co3,BCk,70,90,7.5YR,4,4,2,no,,,,si,nodulos,precisos,comunes,grandes,no,,bloques,humedo,,franco limoso,no,2BCk,
05/11/2015 21:19,1co3,Ck,90,150,7.5YR,4,6,3,no,,,,si,diseminado; nodulos,precisos,comunes,grandes,no,,masiva,mojado,64330,franco arenoso. nódulos sin carbonatos.,no,2CK,
05/11/2015 21:29,4co1,A,0,37,10YR,2,1,3,no,,,,si,diseminado,,,,3,,granular,humedo,64861,,no,k,
05/11/2015 21:31,4co1,AC,37,67,10YR,2,2,2,no,,,,si,diseminado,,,,2,,masiva,mojado,,,no,k,
05/11/2015 21:32,4co1,2Bt,67,93,7.5YR,4,2,1,si,abundantes,finos,sobresalientes,si,nodulos; concreciones,precisos,comunes,medios,1,,bloques,humedo,64696,,no,k,
05/11/2015 21:34,4co1,2BC,93,110,7.5YR,4,2,no,no,,,,si,nodulos,sobresalientes,abundantes,grandes,no,,,mojado,,,no,m,
05/11/2015 21:35,4co1,2Cm,110,150,7.5YR,5,4,no,no,,,,si,nodulos,sobresalientes,abundantes,grandes,no,,,mojado,64383,,no,,
05/11/2015 21:47,udic1-73,A,0,25,10YR,2,1,no,no,,,,no,,,,,2,,granular,fresco,64687,,no,,
05/11/2015 21:48,udic1-73,AC,25,48,10YR,2,2,no,no,,,,no,,,,,1,,masiva,humedo,,,no,,
05/11/2015 21:49,udic1-73,2Bt,48,80,7.5YR,3,2,no,no,,,,no,,,,,1,,bloques,fresco,64949,,no,,
05/11/2015 21:50,udic1-73,2BC,80,100,7.5YR,4,2,no,no,,,,no,,,,,no,,bloques,fresco,,,no,,
05/11/2015 21:51,udic1-73,2C,100,150,7.5YR,4,2,no,no,,,,si,nodulos,debiles,escasos,medios,no,,masiva,humedo,64946,,no,,
05/11/2015 22:01,udic1-50,A,0,25,10YR,2,1,no,no,,,,no,,,,,2,,granular,,64579,,no,,
05/11/2015 22:02,udic1-50,AB,25,35,10YR,2,2,no,no,,,,no,,,,,1,,bloques,,,,no,AC,
05/11/2015 22:02,udic1-50,Bt,35,60,7.5YR,3,2,no,no,,,,no,,,,,1,,bloques,,65023,,no,,
05/11/2015 22:03,udic1-50,Bc,60,88,7.5YR,4,2,no,no,,,,no,,,,,1,,bloques,,,,no,,
05/11/2015 22:04,udic1-50,C,88,150,7.5YR,4,2,no,no,,,,no,,,,,1,,masiva,,64528,,no,,
5/14/2015 17:26:45,udic1-70,A,0,22,10YR,2,1,no,si,comunes,finos,debiles,no,,,,,2,,bloques,fresco,64506,,no,,
5/14/2015 17:27:57,udic1-70,Bt1,22,46,7.5YR,3,2,no,si,abundantes,finos,precisos,si,concreciones,precisos,abundantes,medios,2,,bloques,humedo,64384,,no,,
5/14/2015 17:28:56,udic1-70,Bt2,46,55,7.5YR,4,4,1,si,comunes,finos,precisos,si,concreciones,debiles,escasos,finos,1,,bloques,humedo,64384,,no,,
5/14/2015 17:30:03,udic1-70,BC,55,100,7.5YR,4,4,2,si,comunes,medios,precisos,si,nodulos,debiles,escasos,medios,no,,bloques,mojado,,,no,k,
5/14/2015 17:32:15,udic1-70,Ckm,100,135,7.5YR,4,4,3,no,,,,si,diseminado; masa; nodulos,precisos,abundantes,medios,no,,bloques,humedo,64519,,no,,
5/14/2015 17:41:03,udic1-68,A,0,25,10YR,2,1,no,no,,,,no,,,,,1,,granular,fresco,64866,,no,,
5/14/2015 17:42:25,udic1-68,BE,25,37,10YR,3,2,no,si,comunes,finos,precisos,no,,,,,no,,bloques,humedo,64266,,no,,
5/14/2015 17:45:10,udic1-68,Bt1,37,41,10YR,3,3,no,si,comunes,finos,precisos,si,concreciones,precisos,comunes,finos,no,,bloques,humedo,64345,,no,,
5/14/2015 17:46:21,udic1-68,Bt2,41,80,7.5YR,4,2,no,si,comunes,finos,precisos,no,,,,,1,,bloques,humedo,64345,canales de materia orgánica,si,,
5/14/2015 17:47:18,udic1-68,Bt3,80,110,7.5YR,4,2,no,si,comunes,finos,precisos,si,concreciones,precisos,comunes,medios,no,,bloques,humedo,64345,,no,,
5/14/2015 17:48:20,udic1-68,BC,110,140,7.5YR,4,4,no,si,comunes,finos,precisos,no,,,,,no,,bloques,humedo,,,no,,
5/14/2015 17:49:39,udic1-68,C,140,170,10YR,4,3,no,si,comunes,finos,precisos,si,nodulos,debiles,comunes,medios,no,,masiva,mojado,64375,,,,
5/20/2015 21:09:59,udic1-33,A,0,25,10YR,2,1,no,no,,,,no,,,,,1,,bloques,humedo,64976,,no,,
5/20/2015 21:11:29,udic1-33,AE,25,35,10YR,2,2,no,no,,,,no,,,,,no,,masiva,mojado,64473,,no,AB; E,
5/20/2015 21:12:23,udic1-33,BE,35,45,7.5YR,3,2,no,no,,,,no,,,,,no,,bloques,mojado,64617,,no,BA; E,
5/20/2015 21:13:16,udic1-33,Bt1,45,75,7.5YR,4,2,no,si,comunes,finos,precisos,si,concreciones,precisos,comunes,finos,1,,bloques,fresco,64326,,no,,
5/20/2015 21:14:27,udic1-33,Bt2,75,103,7.5YR,4,2,1,si,escasos,finos,debiles,si,nodulos,debiles,escasos,finos,no,,bloques,fresco,64326,,no,,
5/20/2015 21:15:18,udic1-33,BC,103,150,7.5YR,4,2,no,no,,,,si,nodulos,debiles,comunes,medios,no,,bloques,mojado,,,no,,
5/20/2015 21:16:18,udic1-33,2C,150,180,7.5YR,4,4,no,no,,,,si,nodulos,debiles,comunes,medios,no,,bloques,humedo,64683,,no,,
5/20/2015 21:23:23,albic1-12,A,0,20,10YR,2,1,no,no,,,,no,,,,,3,,granular,seco,64550,,no,,64935
5/20/2015 21:23:56,albic1-12,AB,20,30,10YR,2,2,no,no,,,,no,,,,,2,,bloques,seco,,,no,,
5/20/2015 21:24:44,albic1-12,Bt1,30,50,7.5YR,4,2,no,si,comunes,finos,precisos,no,,,,,2,,bloques,seco,64414,,no,,64970
5/20/2015 21:25:29,albic1-12,Bt2,50,73,7.5YR,3,4,no,si,comunes,finos,sobresalientes,no,,,,,1,,bloques,fresco,64414,,no,,64970
5/20/2015 21:26:26,albic1-12,BC,73,100,7.5YR,4,4,no,si,comunes,finos,precisos,si,nodulos,debiles,escasos,medios,1,,bloques,humedo,,,no,,
5/20/2015 21:27:19,albic1-12,C,100,150,10YR,4,3,no,si,escasos,finos,precisos,no,,,,,1,,masiva,mojado,64514,,no,,64938
5/20/2015 21:32:40,udic2-97,A,0,20,10YR,2,1,no,no,,,,no,,,,,1,,granular,humedo,64620,,no,,
5/20/2015 21:33:22,udic2-97,BA,20,30,10YR,2,2,no,no,,,,no,,,,,no,,bloques,humedo,,,no,,
5/20/2015 21:33:57,udic2-97,Bt1,30,60,10YR,3,3,no,no,,,,no,,,,,no,,bloques,humedo,64907,,no,,
5/20/2015 21:34:46,udic2-97,Bt2,60,95,10YR,3,3,no,no,,,,no,,,,,no,,bloques,humedo,64907,,no,,
5/20/2015 21:35:32,udic2-97,BC,95,128,10YR,4,4,no,no,,,,si,nodulos,debiles,escasos,medios,no,,bloques,humedo,,,no,,
5/20/2015 21:36:19,udic2-97,C,128,178,10YR,4,3,no,no,,,,si,nodulos,debiles,escasos,medios,no,,masiva,mojado,64578,,no,,
5/20/2015 21:46:00,co1-21,A1,0,9,10YR,3,1,3,no,,,,si,diseminado,,,,3,,masiva,humedo,64731,,no,k,
5/20/2015 21:46:48,co1-21,A2,9,32,10YR,2,1,2,no,,,,si,diseminado,,,,3,,bloques,humedo,64731,,no,k,
5/20/2015 21:47:39,co1-21,BAt,32,48,10YR,3,1,1,no,,,,si,diseminado,,,,2,,bloques,humedo,64279,,no,,
5/20/2015 21:48:59,co1-21,Btn,48,60,10YR,4,2,3,no,,,,si,diseminado,,,,2,,bloques,mojado,64845,,no,k; g,
5/20/2015 21:50:05,co1-21,BC,60,87,10YR,5,2,3,no,,,,si,diseminado; nodulos,debiles,comunes,medios,1,,bloques,mojado,64782,,no,k; g,
5/20/2015 21:52:15,co1-21,Cm,,,,,,,,,,,,,,,,,,,,,fuertemente cementado,,k,
5/23/2015 14:53:22,11udic1,A,0,15,10YR,2,2,no,no,,,,no,,,,,2,,granular,fresco,64622,,no,,
5/23/2015 14:53:59,11udic1,AC,15,22,10YR,3,2,no,no,,,,no,,,,,1,,masiva,humedo,,,no,,
5/23/2015 14:54:56,11udic1,2Bt,22,40,7.5YR,4,4,3,no,,,,si,nodulos,precisos,comunes,medios,1,,bloques,fresco,64919,,si,k,
5/23/2015 14:55:53,11udic1,2BCk,40,70,7.5YR,5,4,3,no,,,,si,nodulos,precisos,escasos,medios,1,,bloques,humedo,,,no,,
5/23/2015 14:56:59,11udic1,2Ck,70,120,7.5YR,5,4,3,no,,,,si,nodulos,precisos,escasos,finos,1,,masiva,mojado,64577,,no,,
5/23/2015 15:06:17,udic2-103,A,0,10,10YR,3,2,no,no,,,,no,,,,,no,,laminar,fresco,64843,,no,,
5/23/2015 15:06:54,udic2-103,BAt,10,25,10YR,3,2,no,no,,,,no,,,,,no,,bloques,fresco,,,no,,
5/23/2015 15:07:45,udic2-103,Bt1,25,50,7.5YR,4,2,no,no,,,,no,,,,,no,,bloques,fresco,64489,,no,,
5/23/2015 15:08:48,udic2-103,Bt2,50,71,7.5YR,4,4,no,no,,,,no,,,,,no,,bloques,humedo,64489,,no,,
5/23/2015 15:09:47,udic2-103,BC,71,110,7.5YR,4,4,no,no,,,,si,nodulos,debiles,escasos,medios,no,,bloques,humedo,,,no,,
5/23/2015 15:11:37,udic2-103,C,110,150,7.5YR,4,4,no,no,,,,si,nodulos,debiles,escasos,medios,no,,masiva,mojado,64794,,no,,
5/23/2015 15:11:43,udic2-103,C,110,150,7.5YR,4,4,no,no,,,,si,nodulos,debiles,escasos,medios,no,,masiva,mojado,64794,,no,,
5/23/2015 15:15:25,1udic3,A,0,13,10YR,3,2,no,no,,,,no,,,,,1,,laminar,humedo,65039,,no,,
5/23/2015 15:16:12,1udic3,AB,13,20,10YR,3,2,no,no,,,,no,,,,,no,,bloques,humedo,,,no,,
5/23/2015 15:17:06,1udic3,Bt1,20,62,7.5YR,3,2,no,no,,,,no,,,,,no,,bloques,humedo,64987,,no,,
5/23/2015 15:18:14,1udic3,Bt2,62,110,7.5YR,4,2,no,si,comunes,finos,precisos,si,concreciones,debiles,escasos,finos,no,,bloques,humedo,64987,,si,,
5/23/2015 15:19:16,1udic3,BC,110,140,7.5YR,4,2,no,no,,,,no,,,,,no,,bloques,humedo,,,si,,
5/23/2015 15:21:49,1udic3,Ck,140,190,7.5YR,4,4,2,no,,,,si,nodulos,precisos,comunes,medios,no,,bloques,humedo,64460,tambien nodulos sin CaCO3,,,
5/23/2015 15:29:42,udic3-120,A,0,18,10YR,3,2,1,si,escasos,finos,debiles,no,,,,,3,,,humedo,64418,,no,,
5/23/2015 15:30:35,udic3-120,E,18,27,10YR,3,2,1,si,escasos,finos,debiles,no,,,,,3,,masiva,humedo,,,no,,
5/23/2015 15:32:01,udic3-120,Bt,27,40,10YR,5,2,1,si,abundantes,medios,precisos,si,concreciones,precisos,comunes,grandes,2,,bloques,humedo,64637,,si,n; g,
5/23/2015 15:33:42,udic3-120,Bt2,40,54,7.5YR,5,2,1,si,abundantes,grandes,precisos,no,,,,,no,,bloques,humedo,64637,,si,n; g,
5/23/2015 15:34:34,udic3-120,BC,54,83,7.5YR,4,4,no,no,,,,si,concreciones,precisos,comunes,grandes,1,,bloques,humedo,,,no,,
5/23/2015 15:35:44,udic3-120,Cm,83,100,7.5YR,4,2,no,no,,,,no,,,,,no,,masiva,mojado,64310,,no,,
